CRRA,20.0
BeqShift,0.0
BeqFac,100.0
time_to_estimate,105.00553750991821
params,"{'CRRA': 20.0, 'BeqShift': 0.0, 'BeqFac': 100.0}"
criterion,524.5384882917197
start_criterion,524.9515068170832
start_params,"{'CRRA': 20.0, 'BeqShift': 0.0, 'BeqFac': 100.0}"
algorithm,multistart_tranquilo_ls
direction,minimize
n_free,3
message,Relative criterion change smaller than tolerance.
success,
n_criterion_evaluations,
n_derivative_evaluations,
n_iterations,
history,"{'params': [{'CRRA': 20.0, 'BeqShift': 0.0, 'BeqFac': 100.0}, {'CRRA': 12.152826679445774, 'BeqShift': 0.0, 'BeqFac': 98.09409176131885}, {'CRRA': 16.045369021140846, 'BeqShift': 0.0, 'BeqFac': 96.01103238476082}, {'CRRA': 19.98342455858472, 'BeqShift': 8.059959770082349, 'BeqFac': 97.14309974827496}, {'CRRA': 17.00309941949857, 'BeqShift': 8.045435038149156, 'BeqFac': 91.94004022991766}, {'CRRA': 13.588280654217332, 'BeqShift': 8.052436890335443, 'BeqFac': 100.0}, {'CRRA': 19.822179735117327, 'BeqShift': 8.059959770082349, 'BeqFac': 99.98313088799961}, {'CRRA': 11.940040229917651, 'BeqShift': 7.109505628548666, 'BeqFac': 95.45131945840491}, {'CRRA': 11.987084273134968, 'BeqShift': 2.8557322767404973, 'BeqFac': 100.0}, {'CRRA': 20.0, 'BeqShift': 4.984594614963135, 'BeqFac': 92.26335372087111}, {'CRRA': 15.317698631962628, 'BeqShift': 0.0, 'BeqFac': 92.069502584323}, {'CRRA': 12.104639545740085, 'BeqShift': 6.657685444339096, 'BeqFac': 91.94004022991766}, {'CRRA': 20.0, 'BeqShift': 2.7983943217858065, 'BeqFac': 99.89530476055296}, {'CRRA': 20.0, 'BeqShift': 0.0, 'BeqFac': 91.94004022991766}, {'CRRA': 20.0, 'BeqShift': 0.0, 'BeqFac': 95.97002011495883}, {'CRRA': 20.0, 'BeqShift': 0.0, 'BeqFac': 97.98501005747941}, {'CRRA': 20.0, 'BeqShift': 0.0, 'BeqFac': 100.0}, {'CRRA': 18.992505231860168, 'BeqShift': 0.5045057736203236, 'BeqFac': 99.99923938632601}, {'CRRA': 19.496252514369854, 'BeqShift': 0.0, 'BeqFac': 100.0}, {'CRRA': 20.0, 'BeqShift': 0.0, 'BeqFac': 100.0}], 'criterion': [524.5384882917197, 635.6128806459606, 576.8655868055149, 544.7351908653806, 585.7048680221684, 639.0767086369452, 546.8484672728898, 666.570484776455, 665.7632058411568, 544.5282150309267, 587.5540941203806, 663.7464176179052, 544.5282130350565, 524.6340129311019, 524.5823138949132, 524.5600279832915, 524.5384882917197, 557.690661898164, 530.7593072702829, 524.5384882917197], 'runtime': [0.0, 1.8067089909454808, 1.84120375092607, 1.8753623189404607, 1.9124744089785963, 1.94875315297395, 1.9856781869893894, 2.0324223729548976, 2.0765726258978248, 2.109734299010597, 2.148274283972569, 2.1975766079267487, 2.239242365001701, 4.289814617950469, 5.992505545960739, 7.718013626988977, 9.478779870900325, 11.226797428913414, 12.964057404897176, 14.832228336948901], 'batches': [0, 1, 1, 1, 1, 1, 1, 1, 1, 1, 1, 1, 1, 2, 3, 4, 5, 6, 7, 8]}"
convergence_report,
multistart_info,"{'start_parameters': [{'CRRA': 20.0, 'BeqShift': 0.0, 'BeqFac': 100.0}, {'CRRA': 19.750372502740124, 'BeqShift': 25.094827766865972, 'BeqFac': 72.26361141556919}, {'CRRA': 19.783236586220877, 'BeqShift': 1.1468963692017122, 'BeqFac': 94.26551815399144}], 'local_optima': [Minimize with 3 free parameters terminated.

The tranquilo_ls algorithm reported: Relative criterion change smaller than tolerance.

Independent of the convergence criteria used by tranquilo_ls, the strength of convergence can be assessed by the following criteria:

                          one_step five_steps
relative_criterion_change   0***      0***   
relative_params_change      0***      0***   
absolute_criterion_change   0***      0***   
absolute_params_change      0***      0***   

(***: change <= 1e-10, **: change <= 1e-8, *: change <= 1e-5. Change refers to a change between accepted steps. The first column only considers the last step. The second column considers the last five steps.), Minimize with 3 free parameters terminated.

The tranquilo_ls algorithm reported: Relative criterion change smaller than tolerance.

Independent of the convergence criteria used by tranquilo_ls, the strength of convergence can be assessed by the following criteria:

                             one_step    five_steps 
relative_criterion_change  3.566e-13***  0.005962   
relative_params_change         1.543        3.077   
absolute_criterion_change  1.942e-10**      3.246   
absolute_params_change         16.47        30.74   

(***: change <= 1e-10, **: change <= 1e-8, *: change <= 1e-5. Change refers to a change between accepted steps. The first column only considers the last step. The second column considers the last five steps.), Minimize with 3 free parameters terminated.

The tranquilo_ls algorithm reported: Absolute criterion change smaller than tolerance.

Independent of the convergence criteria used by tranquilo_ls, the strength of convergence can be assessed by the following criteria:

                             one_step    five_steps
relative_criterion_change  1.744e-06*    0.04317   
relative_params_change      0.005299       85.31   
absolute_criterion_change   0.000915       22.65   
absolute_params_change        0.4617       12.63   

(***: change <= 1e-10, **: change <= 1e-8, *: change <= 1e-5. Change refers to a change between accepted steps. The first column only considers the last step. The second column considers the last five steps.)], 'exploration_sample': [{'CRRA': 20.0, 'BeqShift': 0.0, 'BeqFac': 100.0}, {'CRRA': 19.409375, 'BeqShift': 59.375, 'BeqFac': 34.375}, {'CRRA': 18.81875, 'BeqShift': 6.25, 'BeqFac': 68.75}, {'CRRA': 18.228125, 'BeqShift': 40.625, 'BeqFac': 78.125}, {'CRRA': 17.6375, 'BeqShift': 87.5, 'BeqFac': 12.5}, {'CRRA': 17.046875, 'BeqShift': 21.875, 'BeqFac': 21.875}, {'CRRA': 16.45625, 'BeqShift': 68.75, 'BeqFac': 81.25}, {'CRRA': 15.865624999999998, 'BeqShift': 78.125, 'BeqFac': 65.625}, {'CRRA': 15.274999999999999, 'BeqShift': 25.0, 'BeqFac': 25.0}, {'CRRA': 14.684375, 'BeqShift': 34.375, 'BeqFac': 59.375}, {'CRRA': 14.093749999999998, 'BeqShift': 81.25, 'BeqFac': 43.75}, {'CRRA': 13.503124999999999, 'BeqShift': 65.625, 'BeqFac': 3.125}, {'CRRA': 12.9125, 'BeqShift': 12.5, 'BeqFac': 87.5}, {'CRRA': 12.321874999999999, 'BeqShift': 96.875, 'BeqFac': 96.875}, {'CRRA': 11.73125, 'BeqShift': 43.75, 'BeqFac': 6.25}, {'CRRA': 10.549999999999999, 'BeqShift': 50.0, 'BeqFac': 50.0}, {'CRRA': 9.959375, 'BeqShift': 9.375, 'BeqFac': 84.375}, {'CRRA': 9.368749999999999, 'BeqShift': 56.25, 'BeqFac': 18.75}, {'CRRA': 8.778125, 'BeqShift': 90.625, 'BeqFac': 28.125}, {'CRRA': 8.1875, 'BeqShift': 37.5, 'BeqFac': 62.5}, {'CRRA': 7.596874999999999, 'BeqShift': 71.875, 'BeqFac': 71.875}, {'CRRA': 7.00625, 'BeqShift': 18.75, 'BeqFac': 31.25}, {'CRRA': 6.415625, 'BeqShift': 28.125, 'BeqFac': 15.625}, {'CRRA': 5.824999999999999, 'BeqShift': 75.0, 'BeqFac': 75.0}, {'CRRA': 5.234375, 'BeqShift': 84.375, 'BeqFac': 9.375}, {'CRRA': 4.64375, 'BeqShift': 31.25, 'BeqFac': 93.75}, {'CRRA': 2.28125, 'BeqShift': 93.75, 'BeqFac': 56.25}, {'CRRA': 4.053125, 'BeqShift': 15.625, 'BeqFac': 53.125}, {'CRRA': 3.4625, 'BeqShift': 62.5, 'BeqFac': 37.5}, {'CRRA': 2.871875, 'BeqShift': 46.875, 'BeqFac': 46.875}], 'exploration_results': array([524.53848829, 552.19254832, 560.05550162, 568.2401195 ,
       576.57282945, 585.04411679, 593.78465586, 602.72751643,
       611.83800304, 621.34531328, 630.8514616 , 640.47808986,
       650.12264439, 660.06283652, 670.200504  , 691.96915603,
       703.36459811, 714.89984506, 726.59753776, 738.64685038,
       751.47850871, 764.879304  , 778.0566269 , 790.93750826,
       803.86316025, 816.5839994 , 822.64584766, 826.89391181,
       833.59042046, 833.81572055])}"
algorithm_output,"{'states': [State(trustregion=Region(center=array([ 20.,   0., 100.]), radius=10.0, bounds=Bounds(lower=array([1.1, 0. , 0. ]), upper=array([ 20., 100., 100.]))), model_indices=[0], model=ScalarModel(intercept=524.5384882917197, linear_terms=array([0., 0., 0.]), square_terms=array([[0., 0., 0.],
       [0., 0., 0.],
       [0., 0., 0.]]), scale=10.0, shift=array([ 20.,   0., 100.])), vector_model=VectorModel(intercepts=array([ 7.10535946e-01,  7.96116852e-01,  1.49024714e-01,  5.49695427e-03,
       -1.88736704e-01, -2.38871249e-01, -9.79749469e-01, -5.88559607e+00,
       -7.34498473e+00, -8.21372321e+00, -1.16208129e+01, -1.52061636e+01]), linear_terms=array([[0., 0., 0.],
       [0., 0., 0.],
       [0., 0., 0.],
       [0., 0., 0.],
       [0., 0., 0.],
       [0., 0., 0.],
       [0., 0., 0.],
       [0., 0., 0.],
       [0., 0., 0.],
       [0., 0., 0.],
       [0., 0., 0.],
       [0., 0., 0.]]), square_terms=array([[[0., 0., 0.],
        [0., 0., 0.],
        [0., 0., 0.]],

       [[0., 0., 0.],
        [0., 0., 0.],
        [0., 0., 0.]],

       [[0., 0., 0.],
        [0., 0., 0.],
        [0., 0., 0.]],

       [[0., 0., 0.],
        [0., 0., 0.],
        [0., 0., 0.]],

       [[0., 0., 0.],
        [0., 0., 0.],
        [0., 0., 0.]],

       [[0., 0., 0.],
        [0., 0., 0.],
        [0., 0., 0.]],

       [[0., 0., 0.],
        [0., 0., 0.],
        [0., 0., 0.]],

       [[0., 0., 0.],
        [0., 0., 0.],
        [0., 0., 0.]],

       [[0., 0., 0.],
        [0., 0., 0.],
        [0., 0., 0.]],

       [[0., 0., 0.],
        [0., 0., 0.],
        [0., 0., 0.]],

       [[0., 0., 0.],
        [0., 0., 0.],
        [0., 0., 0.]],

       [[0., 0., 0.],
        [0., 0., 0.],
        [0., 0., 0.]]]), scale=10.0, shift=array([ 20.,   0., 100.])), candidate_index=0, candidate_x=array([ 20.,   0., 100.]), index=0, x=array([ 20.,   0., 100.]), fval=524.5384882917197, rho=nan, accepted=True, new_indices=[0], old_indices_used=[], old_indices_discarded=[], step_length=None, relative_step_length=None, n_evals_per_point=None, n_evals_acceptance=None), State(trustregion=Region(center=array([ 20.,   0., 100.]), radius=10.0, bounds=Bounds(lower=array([1.1, 0. , 0. ]), upper=array([ 20., 100., 100.]))), model_indices=array([ 0,  1,  2,  3,  4,  5,  6,  7,  8,  9, 10, 11, 12]), model=ScalarModel(intercept=593.6741135719858, linear_terms=array([-59.90806745,  11.41136572,   1.51192885]), square_terms=array([[ 5.92773909e+00, -1.15866676e+00, -1.41019185e-01],
       [-1.15866676e+00,  3.27333401e-01,  3.91671504e-02],
       [-1.41019185e-01,  3.91671504e-02,  4.80261526e-03]]), scale=array([4.02997989, 4.02997989, 4.02997989]), shift=array([15.97002011,  4.02997989, 95.97002011])), vector_model=VectorModel(intercepts=array([ 7.10535946e-01,  7.96116852e-01,  1.49024714e-01,  5.49695427e-03,
       -1.88736704e-01, -2.38871249e-01, -9.79749469e-01, -5.88559607e+00,
       -7.34498473e+00, -8.21372321e+00, -1.16208129e+01, -1.52061636e+01]), linear_terms=array([[0., 0., 0.],
       [0., 0., 0.],
       [0., 0., 0.],
       [0., 0., 0.],
       [0., 0., 0.],
       [0., 0., 0.],
       [0., 0., 0.],
       [0., 0., 0.],
       [0., 0., 0.],
       [0., 0., 0.],
       [0., 0., 0.],
       [0., 0., 0.]]), square_terms=array([[[0., 0., 0.],
        [0., 0., 0.],
        [0., 0., 0.]],

       [[0., 0., 0.],
        [0., 0., 0.],
        [0., 0., 0.]],

       [[0., 0., 0.],
        [0., 0., 0.],
        [0., 0., 0.]],

       [[0., 0., 0.],
        [0., 0., 0.],
        [0., 0., 0.]],

       [[0., 0., 0.],
        [0., 0., 0.],
        [0., 0., 0.]],

       [[0., 0., 0.],
        [0., 0., 0.],
        [0., 0., 0.]],

       [[0., 0., 0.],
        [0., 0., 0.],
        [0., 0., 0.]],

       [[0., 0., 0.],
        [0., 0., 0.],
        [0., 0., 0.]],

       [[0., 0., 0.],
        [0., 0., 0.],
        [0., 0., 0.]],

       [[0., 0., 0.],
        [0., 0., 0.],
        [0., 0., 0.]],

       [[0., 0., 0.],
        [0., 0., 0.],
        [0., 0., 0.]],

       [[0., 0., 0.],
        [0., 0., 0.],
        [0., 0., 0.]]]), scale=10.0, shift=array([ 20.,   0., 100.])), candidate_index=13, candidate_x=array([20.        ,  0.        , 91.94004023]), index=0, x=array([ 20.,   0., 100.]), fval=524.5384882917197, rho=-0.035864530199993534, accepted=False, new_indices=array([ 1,  2,  3,  4,  5,  6,  7,  8,  9, 10, 11, 12]), old_indices_used=array([0]), old_indices_discarded=array([], dtype=int64), step_length=0.0, relative_step_length=0.0, n_evals_per_point=1, n_evals_acceptance=1), State(trustregion=Region(center=array([ 20.,   0., 100.]), radius=5.0, bounds=Bounds(lower=array([1.1, 0. , 0. ]), upper=array([ 20., 100., 100.]))), model_indices=array([ 0,  1,  2,  3,  5,  6,  7,  8,  9, 10, 12, 13]), model=ScalarModel(intercept=559.8404785303819, linear_terms=array([-28.04782926,   5.37923563,   0.82101257]), square_terms=array([[ 1.46473715, -0.28870146, -0.04167386],
       [-0.28870146,  0.08250308,  0.01197316],
       [-0.04167386,  0.01197316,  0.0017514 ]]), scale=array([2.01498994, 2.01498994, 2.01498994]), shift=array([17.98501006,  2.01498994, 97.98501006])), vector_model=VectorModel(intercepts=array([ 7.10535946e-01,  7.96116852e-01,  1.49024714e-01,  5.49695427e-03,
       -1.88736704e-01, -2.38871249e-01, -9.79749469e-01, -5.88559607e+00,
       -7.34498473e+00, -8.21372321e+00, -1.16208129e+01, -1.52061636e+01]), linear_terms=array([[0., 0., 0.],
       [0., 0., 0.],
       [0., 0., 0.],
       [0., 0., 0.],
       [0., 0., 0.],
       [0., 0., 0.],
       [0., 0., 0.],
       [0., 0., 0.],
       [0., 0., 0.],
       [0., 0., 0.],
       [0., 0., 0.],
       [0., 0., 0.]]), square_terms=array([[[0., 0., 0.],
        [0., 0., 0.],
        [0., 0., 0.]],

       [[0., 0., 0.],
        [0., 0., 0.],
        [0., 0., 0.]],

       [[0., 0., 0.],
        [0., 0., 0.],
        [0., 0., 0.]],

       [[0., 0., 0.],
        [0., 0., 0.],
        [0., 0., 0.]],

       [[0., 0., 0.],
        [0., 0., 0.],
        [0., 0., 0.]],

       [[0., 0., 0.],
        [0., 0., 0.],
        [0., 0., 0.]],

       [[0., 0., 0.],
        [0., 0., 0.],
        [0., 0., 0.]],

       [[0., 0., 0.],
        [0., 0., 0.],
        [0., 0., 0.]],

       [[0., 0., 0.],
        [0., 0., 0.],
        [0., 0., 0.]],

       [[0., 0., 0.],
        [0., 0., 0.],
        [0., 0., 0.]],

       [[0., 0., 0.],
        [0., 0., 0.],
        [0., 0., 0.]],

       [[0., 0., 0.],
        [0., 0., 0.],
        [0., 0., 0.]]]), scale=10.0, shift=array([ 20.,   0., 100.])), candidate_index=14, candidate_x=array([20.        ,  0.        , 95.97002011]), index=0, x=array([ 20.,   0., 100.]), fval=524.5384882917197, rho=-0.02855588365486507, accepted=False, new_indices=array([], dtype=int64), old_indices_used=array([ 0,  1,  2,  3,  5,  6,  7,  8,  9, 10, 12, 13]), old_indices_discarded=array([ 4, 11]), step_length=0.0, relative_step_length=0.0, n_evals_per_point=1, n_evals_acceptance=1), State(trustregion=Region(center=array([ 20.,   0., 100.]), radius=2.5, bounds=Bounds(lower=array([1.1, 0. , 0. ]), upper=array([ 20., 100., 100.]))), model_indices=array([ 0,  1,  2,  3,  5,  6,  8,  9, 10, 12, 13, 14]), model=ScalarModel(intercept=543.5641885636403, linear_terms=array([-13.5889176 ,   2.60697735,   0.42432584]), square_terms=array([[ 0.36633083, -0.07252562, -0.01108167],
       [-0.07252562,  0.02082411,  0.00319663],
       [-0.01108167,  0.00319663,  0.0004972 ]]), scale=array([1.00749497, 1.00749497, 1.00749497]), shift=array([18.99250503,  1.00749497, 98.99250503])), vector_model=VectorModel(intercepts=array([ 7.10535946e-01,  7.96116852e-01,  1.49024714e-01,  5.49695427e-03,
       -1.88736704e-01, -2.38871249e-01, -9.79749469e-01, -5.88559607e+00,
       -7.34498473e+00, -8.21372321e+00, -1.16208129e+01, -1.52061636e+01]), linear_terms=array([[0., 0., 0.],
       [0., 0., 0.],
       [0., 0., 0.],
       [0., 0., 0.],
       [0., 0., 0.],
       [0., 0., 0.],
       [0., 0., 0.],
       [0., 0., 0.],
       [0., 0., 0.],
       [0., 0., 0.],
       [0., 0., 0.],
       [0., 0., 0.]]), square_terms=array([[[0., 0., 0.],
        [0., 0., 0.],
        [0., 0., 0.]],

       [[0., 0., 0.],
        [0., 0., 0.],
        [0., 0., 0.]],

       [[0., 0., 0.],
        [0., 0., 0.],
        [0., 0., 0.]],

       [[0., 0., 0.],
        [0., 0., 0.],
        [0., 0., 0.]],

       [[0., 0., 0.],
        [0., 0., 0.],
        [0., 0., 0.]],

       [[0., 0., 0.],
        [0., 0., 0.],
        [0., 0., 0.]],

       [[0., 0., 0.],
        [0., 0., 0.],
        [0., 0., 0.]],

       [[0., 0., 0.],
        [0., 0., 0.],
        [0., 0., 0.]],

       [[0., 0., 0.],
        [0., 0., 0.],
        [0., 0., 0.]],

       [[0., 0., 0.],
        [0., 0., 0.],
        [0., 0., 0.]],

       [[0., 0., 0.],
        [0., 0., 0.],
        [0., 0., 0.]],

       [[0., 0., 0.],
        [0., 0., 0.],
        [0., 0., 0.]]]), scale=10.0, shift=array([ 20.,   0., 100.])), candidate_index=15, candidate_x=array([20.        ,  0.        , 97.98501006]), index=0, x=array([ 20.,   0., 100.]), fval=524.5384882917197, rho=-0.026264871187740294, accepted=False, new_indices=array([], dtype=int64), old_indices_used=array([ 0,  1,  2,  3,  5,  6,  8,  9, 10, 12, 13, 14]), old_indices_discarded=array([4, 7]), step_length=0.0, relative_step_length=0.0, n_evals_per_point=1, n_evals_acceptance=1), State(trustregion=Region(center=array([ 20.,   0., 100.]), radius=1.25, bounds=Bounds(lower=array([1.1, 0. , 0. ]), upper=array([ 20., 100., 100.]))), model_indices=array([ 0, 12, 14, 15, 16]), model=ScalarModel(intercept=132.01273317793235, linear_terms=array([ 2.64025466e+02,  1.76353469e+00, -2.76527326e-03]), square_terms=array([[ 2.64025466e+02,  1.76353469e+00, -2.76527326e-03],
       [ 1.76353469e+00,  4.00533145e-02, -6.10953436e-05],
       [-2.76527326e-03, -6.10953436e-05,  9.52361504e-08]]), scale=array([0.50374749, 0.50374749, 0.50374749]), shift=array([19.49625251,  0.50374749, 99.49625251])), vector_model=VectorModel(intercepts=array([ 7.10535946e-01,  7.96116852e-01,  1.49024714e-01,  5.49695427e-03,
       -1.88736704e-01, -2.38871249e-01, -9.79749469e-01, -5.88559607e+00,
       -7.34498473e+00, -8.21372321e+00, -1.16208129e+01, -1.52061636e+01]), linear_terms=array([[0., 0., 0.],
       [0., 0., 0.],
       [0., 0., 0.],
       [0., 0., 0.],
       [0., 0., 0.],
       [0., 0., 0.],
       [0., 0., 0.],
       [0., 0., 0.],
       [0., 0., 0.],
       [0., 0., 0.],
       [0., 0., 0.],
       [0., 0., 0.]]), square_terms=array([[[0., 0., 0.],
        [0., 0., 0.],
        [0., 0., 0.]],

       [[0., 0., 0.],
        [0., 0., 0.],
        [0., 0., 0.]],

       [[0., 0., 0.],
        [0., 0., 0.],
        [0., 0., 0.]],

       [[0., 0., 0.],
        [0., 0., 0.],
        [0., 0., 0.]],

       [[0., 0., 0.],
        [0., 0., 0.],
        [0., 0., 0.]],

       [[0., 0., 0.],
        [0., 0., 0.],
        [0., 0., 0.]],

       [[0., 0., 0.],
        [0., 0., 0.],
        [0., 0., 0.]],

       [[0., 0., 0.],
        [0., 0., 0.],
        [0., 0., 0.]],

       [[0., 0., 0.],
        [0., 0., 0.],
        [0., 0., 0.]],

       [[0., 0., 0.],
        [0., 0., 0.],
        [0., 0., 0.]],

       [[0., 0., 0.],
        [0., 0., 0.],
        [0., 0., 0.]],

       [[0., 0., 0.],
        [0., 0., 0.],
        [0., 0., 0.]]]), scale=10.0, shift=array([ 20.,   0., 100.])), candidate_index=17, candidate_x=array([18.99250523,  0.50450577, 99.99923939]), index=0, x=array([ 20.,   0., 100.]), fval=524.5384882917197, rho=-0.06320256496920709, accepted=False, new_indices=array([16]), old_indices_used=array([ 0, 12, 14, 15]), old_indices_discarded=array([2]), step_length=0.0, relative_step_length=0.0, n_evals_per_point=1, n_evals_acceptance=1), State(trustregion=Region(center=array([ 20.,   0., 100.]), radius=0.625, bounds=Bounds(lower=array([1.1, 0. , 0. ]), upper=array([ 20., 100., 100.]))), model_indices=array([ 0, 15, 16, 17, 18]), model=ScalarModel(intercept=537.5819356853679, linear_terms=array([-3.17642977e+00,  1.00988870e+01, -2.79572197e-03]), square_terms=array([[ 2.12405237e-02, -6.60018782e-02,  1.84008522e-05],
       [-6.60018782e-02,  3.15879317e-01, -8.49298086e-05],
       [ 1.84008522e-05, -8.49298086e-05,  2.33788769e-08]]), scale=array([0.25187374, 0.25187374, 0.25187374]), shift=array([19.74812626,  0.25187374, 99.74812626])), vector_model=VectorModel(intercepts=array([ 7.10535946e-01,  7.96116852e-01,  1.49024714e-01,  5.49695427e-03,
       -1.88736704e-01, -2.38871249e-01, -9.79749469e-01, -5.88559607e+00,
       -7.34498473e+00, -8.21372321e+00, -1.16208129e+01, -1.52061636e+01]), linear_terms=array([[0., 0., 0.],
       [0., 0., 0.],
       [0., 0., 0.],
       [0., 0., 0.],
       [0., 0., 0.],
       [0., 0., 0.],
       [0., 0., 0.],
       [0., 0., 0.],
       [0., 0., 0.],
       [0., 0., 0.],
       [0., 0., 0.],
       [0., 0., 0.]]), square_terms=array([[[0., 0., 0.],
        [0., 0., 0.],
        [0., 0., 0.]],

       [[0., 0., 0.],
        [0., 0., 0.],
        [0., 0., 0.]],

       [[0., 0., 0.],
        [0., 0., 0.],
        [0., 0., 0.]],

       [[0., 0., 0.],
        [0., 0., 0.],
        [0., 0., 0.]],

       [[0., 0., 0.],
        [0., 0., 0.],
        [0., 0., 0.]],

       [[0., 0., 0.],
        [0., 0., 0.],
        [0., 0., 0.]],

       [[0., 0., 0.],
        [0., 0., 0.],
        [0., 0., 0.]],

       [[0., 0., 0.],
        [0., 0., 0.],
        [0., 0., 0.]],

       [[0., 0., 0.],
        [0., 0., 0.],
        [0., 0., 0.]],

       [[0., 0., 0.],
        [0., 0., 0.],
        [0., 0., 0.]],

       [[0., 0., 0.],
        [0., 0., 0.],
        [0., 0., 0.]],

       [[0., 0., 0.],
        [0., 0., 0.],
        [0., 0., 0.]]]), scale=10.0, shift=array([ 20.,   0., 100.])), candidate_index=19, candidate_x=array([ 20.,   0., 100.]), index=19, x=array([ 20.,   0., 100.]), fval=524.5384882917197, rho=-inf, accepted=True, new_indices=array([18]), old_indices_used=array([ 0, 15, 16, 17]), old_indices_discarded=array([12]), step_length=0.0, relative_step_length=0.0, n_evals_per_point=1, n_evals_acceptance=1)], 'tranquilo_history': History for least_squares function with 20 entries., 'multistart_info': {'start_parameters': [array([ 20.,   0., 100.]), array([19.7503725 , 25.09482777, 72.26361142]), array([19.78323659,  1.14689637, 94.26551815])], 'local_optima': [{'solution_x': array([ 20.,   0., 100.]), 'solution_criterion': 524.5384882917197, 'states': [State(trustregion=Region(center=array([ 20.,   0., 100.]), radius=10.0, bounds=Bounds(lower=array([1.1, 0. , 0. ]), upper=array([ 20., 100., 100.]))), model_indices=[0], model=ScalarModel(intercept=524.5384882917197, linear_terms=array([0., 0., 0.]), square_terms=array([[0., 0., 0.],
       [0., 0., 0.],
       [0., 0., 0.]]), scale=10.0, shift=array([ 20.,   0., 100.])), vector_model=VectorModel(intercepts=array([ 7.10535946e-01,  7.96116852e-01,  1.49024714e-01,  5.49695427e-03,
       -1.88736704e-01, -2.38871249e-01, -9.79749469e-01, -5.88559607e+00,
       -7.34498473e+00, -8.21372321e+00, -1.16208129e+01, -1.52061636e+01]), linear_terms=array([[0., 0., 0.],
       [0., 0., 0.],
       [0., 0., 0.],
       [0., 0., 0.],
       [0., 0., 0.],
       [0., 0., 0.],
       [0., 0., 0.],
       [0., 0., 0.],
       [0., 0., 0.],
       [0., 0., 0.],
       [0., 0., 0.],
       [0., 0., 0.]]), square_terms=array([[[0., 0., 0.],
        [0., 0., 0.],
        [0., 0., 0.]],

       [[0., 0., 0.],
        [0., 0., 0.],
        [0., 0., 0.]],

       [[0., 0., 0.],
        [0., 0., 0.],
        [0., 0., 0.]],

       [[0., 0., 0.],
        [0., 0., 0.],
        [0., 0., 0.]],

       [[0., 0., 0.],
        [0., 0., 0.],
        [0., 0., 0.]],

       [[0., 0., 0.],
        [0., 0., 0.],
        [0., 0., 0.]],

       [[0., 0., 0.],
        [0., 0., 0.],
        [0., 0., 0.]],

       [[0., 0., 0.],
        [0., 0., 0.],
        [0., 0., 0.]],

       [[0., 0., 0.],
        [0., 0., 0.],
        [0., 0., 0.]],

       [[0., 0., 0.],
        [0., 0., 0.],
        [0., 0., 0.]],

       [[0., 0., 0.],
        [0., 0., 0.],
        [0., 0., 0.]],

       [[0., 0., 0.],
        [0., 0., 0.],
        [0., 0., 0.]]]), scale=10.0, shift=array([ 20.,   0., 100.])), candidate_index=0, candidate_x=array([ 20.,   0., 100.]), index=0, x=array([ 20.,   0., 100.]), fval=524.5384882917197, rho=nan, accepted=True, new_indices=[0], old_indices_used=[], old_indices_discarded=[], step_length=None, relative_step_length=None, n_evals_per_point=None, n_evals_acceptance=None), State(trustregion=Region(center=array([ 20.,   0., 100.]), radius=10.0, bounds=Bounds(lower=array([1.1, 0. , 0. ]), upper=array([ 20., 100., 100.]))), model_indices=array([ 0,  1,  2,  3,  4,  5,  6,  7,  8,  9, 10, 11, 12]), model=ScalarModel(intercept=593.6741135719858, linear_terms=array([-59.90806745,  11.41136572,   1.51192885]), square_terms=array([[ 5.92773909e+00, -1.15866676e+00, -1.41019185e-01],
       [-1.15866676e+00,  3.27333401e-01,  3.91671504e-02],
       [-1.41019185e-01,  3.91671504e-02,  4.80261526e-03]]), scale=array([4.02997989, 4.02997989, 4.02997989]), shift=array([15.97002011,  4.02997989, 95.97002011])), vector_model=VectorModel(intercepts=array([ 7.10535946e-01,  7.96116852e-01,  1.49024714e-01,  5.49695427e-03,
       -1.88736704e-01, -2.38871249e-01, -9.79749469e-01, -5.88559607e+00,
       -7.34498473e+00, -8.21372321e+00, -1.16208129e+01, -1.52061636e+01]), linear_terms=array([[0., 0., 0.],
       [0., 0., 0.],
       [0., 0., 0.],
       [0., 0., 0.],
       [0., 0., 0.],
       [0., 0., 0.],
       [0., 0., 0.],
       [0., 0., 0.],
       [0., 0., 0.],
       [0., 0., 0.],
       [0., 0., 0.],
       [0., 0., 0.]]), square_terms=array([[[0., 0., 0.],
        [0., 0., 0.],
        [0., 0., 0.]],

       [[0., 0., 0.],
        [0., 0., 0.],
        [0., 0., 0.]],

       [[0., 0., 0.],
        [0., 0., 0.],
        [0., 0., 0.]],

       [[0., 0., 0.],
        [0., 0., 0.],
        [0., 0., 0.]],

       [[0., 0., 0.],
        [0., 0., 0.],
        [0., 0., 0.]],

       [[0., 0., 0.],
        [0., 0., 0.],
        [0., 0., 0.]],

       [[0., 0., 0.],
        [0., 0., 0.],
        [0., 0., 0.]],

       [[0., 0., 0.],
        [0., 0., 0.],
        [0., 0., 0.]],

       [[0., 0., 0.],
        [0., 0., 0.],
        [0., 0., 0.]],

       [[0., 0., 0.],
        [0., 0., 0.],
        [0., 0., 0.]],

       [[0., 0., 0.],
        [0., 0., 0.],
        [0., 0., 0.]],

       [[0., 0., 0.],
        [0., 0., 0.],
        [0., 0., 0.]]]), scale=10.0, shift=array([ 20.,   0., 100.])), candidate_index=13, candidate_x=array([20.        ,  0.        , 91.94004023]), index=0, x=array([ 20.,   0., 100.]), fval=524.5384882917197, rho=-0.035864530199993534, accepted=False, new_indices=array([ 1,  2,  3,  4,  5,  6,  7,  8,  9, 10, 11, 12]), old_indices_used=array([0]), old_indices_discarded=array([], dtype=int64), step_length=0.0, relative_step_length=0.0, n_evals_per_point=1, n_evals_acceptance=1), State(trustregion=Region(center=array([ 20.,   0., 100.]), radius=5.0, bounds=Bounds(lower=array([1.1, 0. , 0. ]), upper=array([ 20., 100., 100.]))), model_indices=array([ 0,  1,  2,  3,  5,  6,  7,  8,  9, 10, 12, 13]), model=ScalarModel(intercept=559.8404785303819, linear_terms=array([-28.04782926,   5.37923563,   0.82101257]), square_terms=array([[ 1.46473715, -0.28870146, -0.04167386],
       [-0.28870146,  0.08250308,  0.01197316],
       [-0.04167386,  0.01197316,  0.0017514 ]]), scale=array([2.01498994, 2.01498994, 2.01498994]), shift=array([17.98501006,  2.01498994, 97.98501006])), vector_model=VectorModel(intercepts=array([ 7.10535946e-01,  7.96116852e-01,  1.49024714e-01,  5.49695427e-03,
       -1.88736704e-01, -2.38871249e-01, -9.79749469e-01, -5.88559607e+00,
       -7.34498473e+00, -8.21372321e+00, -1.16208129e+01, -1.52061636e+01]), linear_terms=array([[0., 0., 0.],
       [0., 0., 0.],
       [0., 0., 0.],
       [0., 0., 0.],
       [0., 0., 0.],
       [0., 0., 0.],
       [0., 0., 0.],
       [0., 0., 0.],
       [0., 0., 0.],
       [0., 0., 0.],
       [0., 0., 0.],
       [0., 0., 0.]]), square_terms=array([[[0., 0., 0.],
        [0., 0., 0.],
        [0., 0., 0.]],

       [[0., 0., 0.],
        [0., 0., 0.],
        [0., 0., 0.]],

       [[0., 0., 0.],
        [0., 0., 0.],
        [0., 0., 0.]],

       [[0., 0., 0.],
        [0., 0., 0.],
        [0., 0., 0.]],

       [[0., 0., 0.],
        [0., 0., 0.],
        [0., 0., 0.]],

       [[0., 0., 0.],
        [0., 0., 0.],
        [0., 0., 0.]],

       [[0., 0., 0.],
        [0., 0., 0.],
        [0., 0., 0.]],

       [[0., 0., 0.],
        [0., 0., 0.],
        [0., 0., 0.]],

       [[0., 0., 0.],
        [0., 0., 0.],
        [0., 0., 0.]],

       [[0., 0., 0.],
        [0., 0., 0.],
        [0., 0., 0.]],

       [[0., 0., 0.],
        [0., 0., 0.],
        [0., 0., 0.]],

       [[0., 0., 0.],
        [0., 0., 0.],
        [0., 0., 0.]]]), scale=10.0, shift=array([ 20.,   0., 100.])), candidate_index=14, candidate_x=array([20.        ,  0.        , 95.97002011]), index=0, x=array([ 20.,   0., 100.]), fval=524.5384882917197, rho=-0.02855588365486507, accepted=False, new_indices=array([], dtype=int64), old_indices_used=array([ 0,  1,  2,  3,  5,  6,  7,  8,  9, 10, 12, 13]), old_indices_discarded=array([ 4, 11]), step_length=0.0, relative_step_length=0.0, n_evals_per_point=1, n_evals_acceptance=1), State(trustregion=Region(center=array([ 20.,   0., 100.]), radius=2.5, bounds=Bounds(lower=array([1.1, 0. , 0. ]), upper=array([ 20., 100., 100.]))), model_indices=array([ 0,  1,  2,  3,  5,  6,  8,  9, 10, 12, 13, 14]), model=ScalarModel(intercept=543.5641885636403, linear_terms=array([-13.5889176 ,   2.60697735,   0.42432584]), square_terms=array([[ 0.36633083, -0.07252562, -0.01108167],
       [-0.07252562,  0.02082411,  0.00319663],
       [-0.01108167,  0.00319663,  0.0004972 ]]), scale=array([1.00749497, 1.00749497, 1.00749497]), shift=array([18.99250503,  1.00749497, 98.99250503])), vector_model=VectorModel(intercepts=array([ 7.10535946e-01,  7.96116852e-01,  1.49024714e-01,  5.49695427e-03,
       -1.88736704e-01, -2.38871249e-01, -9.79749469e-01, -5.88559607e+00,
       -7.34498473e+00, -8.21372321e+00, -1.16208129e+01, -1.52061636e+01]), linear_terms=array([[0., 0., 0.],
       [0., 0., 0.],
       [0., 0., 0.],
       [0., 0., 0.],
       [0., 0., 0.],
       [0., 0., 0.],
       [0., 0., 0.],
       [0., 0., 0.],
       [0., 0., 0.],
       [0., 0., 0.],
       [0., 0., 0.],
       [0., 0., 0.]]), square_terms=array([[[0., 0., 0.],
        [0., 0., 0.],
        [0., 0., 0.]],

       [[0., 0., 0.],
        [0., 0., 0.],
        [0., 0., 0.]],

       [[0., 0., 0.],
        [0., 0., 0.],
        [0., 0., 0.]],

       [[0., 0., 0.],
        [0., 0., 0.],
        [0., 0., 0.]],

       [[0., 0., 0.],
        [0., 0., 0.],
        [0., 0., 0.]],

       [[0., 0., 0.],
        [0., 0., 0.],
        [0., 0., 0.]],

       [[0., 0., 0.],
        [0., 0., 0.],
        [0., 0., 0.]],

       [[0., 0., 0.],
        [0., 0., 0.],
        [0., 0., 0.]],

       [[0., 0., 0.],
        [0., 0., 0.],
        [0., 0., 0.]],

       [[0., 0., 0.],
        [0., 0., 0.],
        [0., 0., 0.]],

       [[0., 0., 0.],
        [0., 0., 0.],
        [0., 0., 0.]],

       [[0., 0., 0.],
        [0., 0., 0.],
        [0., 0., 0.]]]), scale=10.0, shift=array([ 20.,   0., 100.])), candidate_index=15, candidate_x=array([20.        ,  0.        , 97.98501006]), index=0, x=array([ 20.,   0., 100.]), fval=524.5384882917197, rho=-0.026264871187740294, accepted=False, new_indices=array([], dtype=int64), old_indices_used=array([ 0,  1,  2,  3,  5,  6,  8,  9, 10, 12, 13, 14]), old_indices_discarded=array([4, 7]), step_length=0.0, relative_step_length=0.0, n_evals_per_point=1, n_evals_acceptance=1), State(trustregion=Region(center=array([ 20.,   0., 100.]), radius=1.25, bounds=Bounds(lower=array([1.1, 0. , 0. ]), upper=array([ 20., 100., 100.]))), model_indices=array([ 0, 12, 14, 15, 16]), model=ScalarModel(intercept=132.01273317793235, linear_terms=array([ 2.64025466e+02,  1.76353469e+00, -2.76527326e-03]), square_terms=array([[ 2.64025466e+02,  1.76353469e+00, -2.76527326e-03],
       [ 1.76353469e+00,  4.00533145e-02, -6.10953436e-05],
       [-2.76527326e-03, -6.10953436e-05,  9.52361504e-08]]), scale=array([0.50374749, 0.50374749, 0.50374749]), shift=array([19.49625251,  0.50374749, 99.49625251])), vector_model=VectorModel(intercepts=array([ 7.10535946e-01,  7.96116852e-01,  1.49024714e-01,  5.49695427e-03,
       -1.88736704e-01, -2.38871249e-01, -9.79749469e-01, -5.88559607e+00,
       -7.34498473e+00, -8.21372321e+00, -1.16208129e+01, -1.52061636e+01]), linear_terms=array([[0., 0., 0.],
       [0., 0., 0.],
       [0., 0., 0.],
       [0., 0., 0.],
       [0., 0., 0.],
       [0., 0., 0.],
       [0., 0., 0.],
       [0., 0., 0.],
       [0., 0., 0.],
       [0., 0., 0.],
       [0., 0., 0.],
       [0., 0., 0.]]), square_terms=array([[[0., 0., 0.],
        [0., 0., 0.],
        [0., 0., 0.]],

       [[0., 0., 0.],
        [0., 0., 0.],
        [0., 0., 0.]],

       [[0., 0., 0.],
        [0., 0., 0.],
        [0., 0., 0.]],

       [[0., 0., 0.],
        [0., 0., 0.],
        [0., 0., 0.]],

       [[0., 0., 0.],
        [0., 0., 0.],
        [0., 0., 0.]],

       [[0., 0., 0.],
        [0., 0., 0.],
        [0., 0., 0.]],

       [[0., 0., 0.],
        [0., 0., 0.],
        [0., 0., 0.]],

       [[0., 0., 0.],
        [0., 0., 0.],
        [0., 0., 0.]],

       [[0., 0., 0.],
        [0., 0., 0.],
        [0., 0., 0.]],

       [[0., 0., 0.],
        [0., 0., 0.],
        [0., 0., 0.]],

       [[0., 0., 0.],
        [0., 0., 0.],
        [0., 0., 0.]],

       [[0., 0., 0.],
        [0., 0., 0.],
        [0., 0., 0.]]]), scale=10.0, shift=array([ 20.,   0., 100.])), candidate_index=17, candidate_x=array([18.99250523,  0.50450577, 99.99923939]), index=0, x=array([ 20.,   0., 100.]), fval=524.5384882917197, rho=-0.06320256496920709, accepted=False, new_indices=array([16]), old_indices_used=array([ 0, 12, 14, 15]), old_indices_discarded=array([2]), step_length=0.0, relative_step_length=0.0, n_evals_per_point=1, n_evals_acceptance=1), State(trustregion=Region(center=array([ 20.,   0., 100.]), radius=0.625, bounds=Bounds(lower=array([1.1, 0. , 0. ]), upper=array([ 20., 100., 100.]))), model_indices=array([ 0, 15, 16, 17, 18]), model=ScalarModel(intercept=537.5819356853679, linear_terms=array([-3.17642977e+00,  1.00988870e+01, -2.79572197e-03]), square_terms=array([[ 2.12405237e-02, -6.60018782e-02,  1.84008522e-05],
       [-6.60018782e-02,  3.15879317e-01, -8.49298086e-05],
       [ 1.84008522e-05, -8.49298086e-05,  2.33788769e-08]]), scale=array([0.25187374, 0.25187374, 0.25187374]), shift=array([19.74812626,  0.25187374, 99.74812626])), vector_model=VectorModel(intercepts=array([ 7.10535946e-01,  7.96116852e-01,  1.49024714e-01,  5.49695427e-03,
       -1.88736704e-01, -2.38871249e-01, -9.79749469e-01, -5.88559607e+00,
       -7.34498473e+00, -8.21372321e+00, -1.16208129e+01, -1.52061636e+01]), linear_terms=array([[0., 0., 0.],
       [0., 0., 0.],
       [0., 0., 0.],
       [0., 0., 0.],
       [0., 0., 0.],
       [0., 0., 0.],
       [0., 0., 0.],
       [0., 0., 0.],
       [0., 0., 0.],
       [0., 0., 0.],
       [0., 0., 0.],
       [0., 0., 0.]]), square_terms=array([[[0., 0., 0.],
        [0., 0., 0.],
        [0., 0., 0.]],

       [[0., 0., 0.],
        [0., 0., 0.],
        [0., 0., 0.]],

       [[0., 0., 0.],
        [0., 0., 0.],
        [0., 0., 0.]],

       [[0., 0., 0.],
        [0., 0., 0.],
        [0., 0., 0.]],

       [[0., 0., 0.],
        [0., 0., 0.],
        [0., 0., 0.]],

       [[0., 0., 0.],
        [0., 0., 0.],
        [0., 0., 0.]],

       [[0., 0., 0.],
        [0., 0., 0.],
        [0., 0., 0.]],

       [[0., 0., 0.],
        [0., 0., 0.],
        [0., 0., 0.]],

       [[0., 0., 0.],
        [0., 0., 0.],
        [0., 0., 0.]],

       [[0., 0., 0.],
        [0., 0., 0.],
        [0., 0., 0.]],

       [[0., 0., 0.],
        [0., 0., 0.],
        [0., 0., 0.]],

       [[0., 0., 0.],
        [0., 0., 0.],
        [0., 0., 0.]]]), scale=10.0, shift=array([ 20.,   0., 100.])), candidate_index=19, candidate_x=array([ 20.,   0., 100.]), index=19, x=array([ 20.,   0., 100.]), fval=524.5384882917197, rho=-inf, accepted=True, new_indices=array([18]), old_indices_used=array([ 0, 15, 16, 17]), old_indices_discarded=array([12]), step_length=0.0, relative_step_length=0.0, n_evals_per_point=1, n_evals_acceptance=1)], 'message': 'Relative criterion change smaller than tolerance.', 'tranquilo_history': History for least_squares function with 20 entries., 'history': {'params': [{'CRRA': 20.0, 'BeqShift': 0.0, 'BeqFac': 100.0}, {'CRRA': 12.152826679445774, 'BeqShift': 0.0, 'BeqFac': 98.09409176131885}, {'CRRA': 16.045369021140846, 'BeqShift': 0.0, 'BeqFac': 96.01103238476082}, {'CRRA': 19.98342455858472, 'BeqShift': 8.059959770082349, 'BeqFac': 97.14309974827496}, {'CRRA': 17.00309941949857, 'BeqShift': 8.045435038149156, 'BeqFac': 91.94004022991766}, {'CRRA': 13.588280654217332, 'BeqShift': 8.052436890335443, 'BeqFac': 100.0}, {'CRRA': 19.822179735117327, 'BeqShift': 8.059959770082349, 'BeqFac': 99.98313088799961}, {'CRRA': 11.940040229917651, 'BeqShift': 7.109505628548666, 'BeqFac': 95.45131945840491}, {'CRRA': 11.987084273134968, 'BeqShift': 2.8557322767404973, 'BeqFac': 100.0}, {'CRRA': 20.0, 'BeqShift': 4.984594614963135, 'BeqFac': 92.26335372087111}, {'CRRA': 15.317698631962628, 'BeqShift': 0.0, 'BeqFac': 92.069502584323}, {'CRRA': 12.104639545740085, 'BeqShift': 6.657685444339096, 'BeqFac': 91.94004022991766}, {'CRRA': 20.0, 'BeqShift': 2.7983943217858065, 'BeqFac': 99.89530476055296}, {'CRRA': 20.0, 'BeqShift': 0.0, 'BeqFac': 91.94004022991766}, {'CRRA': 20.0, 'BeqShift': 0.0, 'BeqFac': 95.97002011495883}, {'CRRA': 20.0, 'BeqShift': 0.0, 'BeqFac': 97.98501005747941}, {'CRRA': 20.0, 'BeqShift': 0.0, 'BeqFac': 100.0}, {'CRRA': 18.992505231860168, 'BeqShift': 0.5045057736203236, 'BeqFac': 99.99923938632601}, {'CRRA': 19.496252514369854, 'BeqShift': 0.0, 'BeqFac': 100.0}, {'CRRA': 20.0, 'BeqShift': 0.0, 'BeqFac': 100.0}], 'criterion': [524.5384882917197, 635.6128806459606, 576.8655868055149, 544.7351908653806, 585.7048680221684, 639.0767086369452, 546.8484672728898, 666.570484776455, 665.7632058411568, 544.5282150309267, 587.5540941203806, 663.7464176179052, 544.5282130350565, 524.6340129311019, 524.5823138949132, 524.5600279832915, 524.5384882917197, 557.690661898164, 530.7593072702829, 524.5384882917197], 'runtime': [0.0, 1.8067089909454808, 1.84120375092607, 1.8753623189404607, 1.9124744089785963, 1.94875315297395, 1.9856781869893894, 2.0324223729548976, 2.0765726258978248, 2.109734299010597, 2.148274283972569, 2.1975766079267487, 2.239242365001701, 4.289814617950469, 5.992505545960739, 7.718013626988977, 9.478779870900325, 11.226797428913414, 12.964057404897176, 14.832228336948901], 'batches': [0, 1, 1, 1, 1, 1, 1, 1, 1, 1, 1, 1, 1, 2, 3, 4, 5, 6, 7, 8]}, 'multistart_info': {...}}, {'solution_x': array([20.        ,  7.62157374, 54.79035739]), 'solution_criterion': 544.5282150452972, 'states': [State(trustregion=Region(center=array([19.7503725 , 25.09482777, 72.26361142]), radius=7.226361141556919, bounds=Bounds(lower=array([1.1, 0. , 0. ]), upper=array([ 20., 100., 100.]))), model_indices=[0], model=ScalarModel(intercept=547.7747123514769, linear_terms=array([0., 0., 0.]), square_terms=array([[0., 0., 0.],
       [0., 0., 0.],
       [0., 0., 0.]]), scale=7.226361141556919, shift=array([19.7503725 , 25.09482777, 72.26361142])), vector_model=VectorModel(intercepts=array([  0.47700752,   0.50013607,  -0.13531563,  -0.25559807,
        -0.43922057,  -0.49118327,  -1.24396908,  -6.14278499,
        -7.57398295,  -8.41708011, -11.85150798, -15.45403703]), linear_terms=array([[0., 0., 0.],
       [0., 0., 0.],
       [0., 0., 0.],
       [0., 0., 0.],
       [0., 0., 0.],
       [0., 0., 0.],
       [0., 0., 0.],
       [0., 0., 0.],
       [0., 0., 0.],
       [0., 0., 0.],
       [0., 0., 0.],
       [0., 0., 0.]]), square_terms=array([[[0., 0., 0.],
        [0., 0., 0.],
        [0., 0., 0.]],

       [[0., 0., 0.],
        [0., 0., 0.],
        [0., 0., 0.]],

       [[0., 0., 0.],
        [0., 0., 0.],
        [0., 0., 0.]],

       [[0., 0., 0.],
        [0., 0., 0.],
        [0., 0., 0.]],

       [[0., 0., 0.],
        [0., 0., 0.],
        [0., 0., 0.]],

       [[0., 0., 0.],
        [0., 0., 0.],
        [0., 0., 0.]],

       [[0., 0., 0.],
        [0., 0., 0.],
        [0., 0., 0.]],

       [[0., 0., 0.],
        [0., 0., 0.],
        [0., 0., 0.]],

       [[0., 0., 0.],
        [0., 0., 0.],
        [0., 0., 0.]],

       [[0., 0., 0.],
        [0., 0., 0.],
        [0., 0., 0.]],

       [[0., 0., 0.],
        [0., 0., 0.],
        [0., 0., 0.]],

       [[0., 0., 0.],
        [0., 0., 0.],
        [0., 0., 0.]]]), scale=7.226361141556919, shift=array([19.7503725 , 25.09482777, 72.26361142])), candidate_index=0, candidate_x=array([19.7503725 , 25.09482777, 72.26361142]), index=0, x=array([19.7503725 , 25.09482777, 72.26361142]), fval=547.7747123514769, rho=nan, accepted=True, new_indices=[0], old_indices_used=[], old_indices_discarded=[], step_length=None, relative_step_length=None, n_evals_per_point=None, n_evals_acceptance=None), State(trustregion=Region(center=array([19.7503725 , 25.09482777, 72.26361142]), radius=7.226361141556919, bounds=Bounds(lower=array([1.1, 0. , 0. ]), upper=array([ 20., 100., 100.]))), model_indices=array([ 0,  1,  2,  3,  4,  5,  6,  7,  8,  9, 10, 11, 12]), model=ScalarModel(intercept=587.0207337786593, linear_terms=array([-44.50173277,   0.0828436 ,   0.12102021]), square_terms=array([[ 3.39283839e+00, -5.04183697e-03, -7.20321596e-03],
       [-5.04183697e-03,  1.07909824e-05,  1.55738049e-05],
       [-7.20321596e-03,  1.55738049e-05,  2.58155159e-05]]), scale=array([3.03702275, 5.82441801, 5.82441801]), shift=array([16.96297725, 25.09482777, 72.26361142])), vector_model=VectorModel(intercepts=array([  0.47700752,   0.50013607,  -0.13531563,  -0.25559807,
        -0.43922057,  -0.49118327,  -1.24396908,  -6.14278499,
        -7.57398295,  -8.41708011, -11.85150798, -15.45403703]), linear_terms=array([[0., 0., 0.],
       [0., 0., 0.],
       [0., 0., 0.],
       [0., 0., 0.],
       [0., 0., 0.],
       [0., 0., 0.],
       [0., 0., 0.],
       [0., 0., 0.],
       [0., 0., 0.],
       [0., 0., 0.],
       [0., 0., 0.],
       [0., 0., 0.]]), square_terms=array([[[0., 0., 0.],
        [0., 0., 0.],
        [0., 0., 0.]],

       [[0., 0., 0.],
        [0., 0., 0.],
        [0., 0., 0.]],

       [[0., 0., 0.],
        [0., 0., 0.],
        [0., 0., 0.]],

       [[0., 0., 0.],
        [0., 0., 0.],
        [0., 0., 0.]],

       [[0., 0., 0.],
        [0., 0., 0.],
        [0., 0., 0.]],

       [[0., 0., 0.],
        [0., 0., 0.],
        [0., 0., 0.]],

       [[0., 0., 0.],
        [0., 0., 0.],
        [0., 0., 0.]],

       [[0., 0., 0.],
        [0., 0., 0.],
        [0., 0., 0.]],

       [[0., 0., 0.],
        [0., 0., 0.],
        [0., 0., 0.]],

       [[0., 0., 0.],
        [0., 0., 0.],
        [0., 0., 0.]],

       [[0., 0., 0.],
        [0., 0., 0.],
        [0., 0., 0.]],

       [[0., 0., 0.],
        [0., 0., 0.],
        [0., 0., 0.]]]), scale=7.226361141556919, shift=array([19.7503725 , 25.09482777, 72.26361142])), candidate_index=13, candidate_x=array([20.        , 19.27040976, 66.43919341]), index=13, x=array([20.        , 19.27040976, 66.43919341]), fval=544.5282150454914, rho=0.9063406676135445, accepted=True, new_indices=array([ 1,  2,  3,  4,  5,  6,  7,  8,  9, 10, 11, 12]), old_indices_used=array([0]), old_indices_discarded=array([], dtype=int64), step_length=8.240752645417059, relative_step_length=1.1403737626710404, n_evals_per_point=1, n_evals_acceptance=1), State(trustregion=Region(center=array([20.        , 19.27040976, 66.43919341]), radius=14.452722283113838, bounds=Bounds(lower=array([1.1, 0. , 0. ]), upper=array([ 20., 100., 100.]))), model_indices=array([ 0,  1,  2,  3,  4,  7,  8,  9, 10, 11, 12, 13]), model=ScalarModel(intercept=629.0848019846338, linear_terms=array([-91.25247642,   0.25591027,   0.33467026]), square_terms=array([[ 1.24658479e+01, -2.46723334e-02, -3.27196032e-02],
       [-2.46723334e-02,  8.29871668e-05,  1.13093687e-04],
       [-3.27196032e-02,  1.13093687e-04,  1.64668207e-04]]), scale=array([ 5.82441801, 11.64883602, 11.64883602]), shift=array([14.17558199, 19.27040976, 66.43919341])), vector_model=VectorModel(intercepts=array([  0.47700752,   0.50013607,  -0.13531563,  -0.25559807,
        -0.43922057,  -0.49118327,  -1.24396908,  -6.14278499,
        -7.57398295,  -8.41708011, -11.85150798, -15.45403703]), linear_terms=array([[0., 0., 0.],
       [0., 0., 0.],
       [0., 0., 0.],
       [0., 0., 0.],
       [0., 0., 0.],
       [0., 0., 0.],
       [0., 0., 0.],
       [0., 0., 0.],
       [0., 0., 0.],
       [0., 0., 0.],
       [0., 0., 0.],
       [0., 0., 0.]]), square_terms=array([[[0., 0., 0.],
        [0., 0., 0.],
        [0., 0., 0.]],

       [[0., 0., 0.],
        [0., 0., 0.],
        [0., 0., 0.]],

       [[0., 0., 0.],
        [0., 0., 0.],
        [0., 0., 0.]],

       [[0., 0., 0.],
        [0., 0., 0.],
        [0., 0., 0.]],

       [[0., 0., 0.],
        [0., 0., 0.],
        [0., 0., 0.]],

       [[0., 0., 0.],
        [0., 0., 0.],
        [0., 0., 0.]],

       [[0., 0., 0.],
        [0., 0., 0.],
        [0., 0., 0.]],

       [[0., 0., 0.],
        [0., 0., 0.],
        [0., 0., 0.]],

       [[0., 0., 0.],
        [0., 0., 0.],
        [0., 0., 0.]],

       [[0., 0., 0.],
        [0., 0., 0.],
        [0., 0., 0.]],

       [[0., 0., 0.],
        [0., 0., 0.],
        [0., 0., 0.]],

       [[0., 0., 0.],
        [0., 0., 0.],
        [0., 0., 0.]]]), scale=7.226361141556919, shift=array([19.7503725 , 25.09482777, 72.26361142])), candidate_index=14, candidate_x=array([20.        ,  7.62157374, 54.79035739]), index=14, x=array([20.        ,  7.62157374, 54.79035739]), fval=544.5282150452972, rho=3.6434282551989147e-10, accepted=True, new_indices=array([], dtype=int64), old_indices_used=array([ 0,  1,  2,  3,  4,  7,  8,  9, 10, 11, 12, 13]), old_indices_discarded=array([5, 6]), step_length=16.473941881111514, relative_step_length=1.1398504419031987, n_evals_per_point=1, n_evals_acceptance=1)], 'message': 'Relative criterion change smaller than tolerance.', 'tranquilo_history': History for least_squares function with 15 entries., 'history': {'params': [{'CRRA': 19.750372502740124, 'BeqShift': 25.094827766865972, 'BeqFac': 72.26361141556919}, {'CRRA': 13.925954494236612, 'BeqShift': 19.614182333567097, 'BeqFac': 75.4155660808498}, {'CRRA': 20.0, 'BeqShift': 19.710898489280794, 'BeqFac': 77.7228049758303}, {'CRRA': 20.0, 'BeqShift': 30.90737245797024, 'BeqFac': 74.86089142340504}, {'CRRA': 16.872384345317812, 'BeqShift': 30.548373754608253, 'BeqFac': 66.43919340706567}, {'CRRA': 15.186353428422322, 'BeqShift': 30.919245775369482, 'BeqFac': 78.05101557672073}, {'CRRA': 19.702340861153907, 'BeqShift': 30.390598375159197, 'BeqFac': 78.0880294240727}, {'CRRA': 13.925954494236612, 'BeqShift': 29.306930146861, 'BeqFac': 71.89796390650426}, {'CRRA': 14.020199340432935, 'BeqShift': 23.985351069595595, 'BeqFac': 78.0880294240727}, {'CRRA': 20.0, 'BeqShift': 27.676935402136152, 'BeqFac': 66.448571917871}, {'CRRA': 16.419018901647078, 'BeqShift': 19.436902400516885, 'BeqFac': 66.43919340706567}, {'CRRA': 14.003999253806807, 'BeqShift': 30.613868912796907, 'BeqFac': 66.43919340706567}, {'CRRA': 18.40956785454628, 'BeqShift': 19.347314589390056, 'BeqFac': 78.0880294240727}, {'CRRA': 20.0, 'BeqShift': 19.27040975836246, 'BeqFac': 66.43919340706567}, {'CRRA': 20.0, 'BeqShift': 7.621573741355441, 'BeqFac': 54.79035739005865}], 'criterion': [547.7747123514769, 633.5883643403231, 544.5282150454914, 544.5282150454914, 587.6179773608246, 613.2491874147088, 548.3924051928516, 633.5883643403234, 632.0563633909886, 544.5282150454914, 594.3403441437922, 632.3412414807724, 565.760185220297, 544.5282150454914, 544.5282150452972], 'runtime': [0.0, 1.8448799249017611, 1.881599876913242, 1.9192818459123373, 1.9543502139858902, 1.9885027930140495, 2.023840928915888, 2.0775705369887874, 2.1299478579312563, 2.174625448998995, 2.217527072993107, 2.255296229966916, 2.2927165079163387, 4.394131758948788, 6.134150039986707], 'batches': [0, 1, 1, 1, 1, 1, 1, 1, 1, 1, 1, 1, 1, 2, 3]}}, {'solution_x': array([20.        ,  0.        , 86.72711284]), 'solution_criterion': 524.703151130223, 'states': [State(trustregion=Region(center=array([19.78323659,  1.14689637, 94.26551815]), radius=9.426551815399144, bounds=Bounds(lower=array([1.1, 0. , 0. ]), upper=array([ 20., 100., 100.]))), model_indices=[0], model=ScalarModel(intercept=547.3566256477009, linear_terms=array([0., 0., 0.]), square_terms=array([[0., 0., 0.],
       [0., 0., 0.],
       [0., 0., 0.]]), scale=9.426551815399144, shift=array([19.78323659,  1.14689637, 94.26551815])), vector_model=VectorModel(intercepts=array([  0.47784283,   0.50169628,  -0.13339603,  -0.25321917,
        -0.43605512,  -0.4875411 ,  -1.23958887,  -6.13661721,
        -7.56743533,  -8.41061577, -11.8491826 , -15.4520071 ]), linear_terms=array([[0., 0., 0.],
       [0., 0., 0.],
       [0., 0., 0.],
       [0., 0., 0.],
       [0., 0., 0.],
       [0., 0., 0.],
       [0., 0., 0.],
       [0., 0., 0.],
       [0., 0., 0.],
       [0., 0., 0.],
       [0., 0., 0.],
       [0., 0., 0.]]), square_terms=array([[[0., 0., 0.],
        [0., 0., 0.],
        [0., 0., 0.]],

       [[0., 0., 0.],
        [0., 0., 0.],
        [0., 0., 0.]],

       [[0., 0., 0.],
        [0., 0., 0.],
        [0., 0., 0.]],

       [[0., 0., 0.],
        [0., 0., 0.],
        [0., 0., 0.]],

       [[0., 0., 0.],
        [0., 0., 0.],
        [0., 0., 0.]],

       [[0., 0., 0.],
        [0., 0., 0.],
        [0., 0., 0.]],

       [[0., 0., 0.],
        [0., 0., 0.],
        [0., 0., 0.]],

       [[0., 0., 0.],
        [0., 0., 0.],
        [0., 0., 0.]],

       [[0., 0., 0.],
        [0., 0., 0.],
        [0., 0., 0.]],

       [[0., 0., 0.],
        [0., 0., 0.],
        [0., 0., 0.]],

       [[0., 0., 0.],
        [0., 0., 0.],
        [0., 0., 0.]],

       [[0., 0., 0.],
        [0., 0., 0.],
        [0., 0., 0.]]]), scale=9.426551815399144, shift=array([19.78323659,  1.14689637, 94.26551815])), candidate_index=0, candidate_x=array([19.78323659,  1.14689637, 94.26551815]), index=0, x=array([19.78323659,  1.14689637, 94.26551815]), fval=547.3566256477009, rho=nan, accepted=True, new_indices=[0], old_indices_used=[], old_indices_discarded=[], step_length=None, relative_step_length=None, n_evals_per_point=None, n_evals_acceptance=None), State(trustregion=Region(center=array([19.78323659,  1.14689637, 94.26551815]), radius=9.426551815399144, bounds=Bounds(lower=array([1.1, 0. , 0. ]), upper=array([ 20., 100., 100.]))), model_indices=array([ 0,  1,  2,  3,  4,  5,  6,  7,  8,  9, 10, 11, 12]), model=ScalarModel(intercept=594.8808616005981, linear_terms=array([-55.77313992,   6.87980121,   3.15108562]), square_terms=array([[ 5.1214438 , -0.6360293 , -0.28496543],
       [-0.6360293 ,  0.11849513,  0.05326004],
       [-0.28496543,  0.05326004,  0.02396848]]), scale=array([3.90726313, 4.3723296 , 6.66612234]), shift=array([16.09273687,  4.3723296 , 93.33387766])), vector_model=VectorModel(intercepts=array([  0.47784283,   0.50169628,  -0.13339603,  -0.25321917,
        -0.43605512,  -0.4875411 ,  -1.23958887,  -6.13661721,
        -7.56743533,  -8.41061577, -11.8491826 , -15.4520071 ]), linear_terms=array([[0., 0., 0.],
       [0., 0., 0.],
       [0., 0., 0.],
       [0., 0., 0.],
       [0., 0., 0.],
       [0., 0., 0.],
       [0., 0., 0.],
       [0., 0., 0.],
       [0., 0., 0.],
       [0., 0., 0.],
       [0., 0., 0.],
       [0., 0., 0.]]), square_terms=array([[[0., 0., 0.],
        [0., 0., 0.],
        [0., 0., 0.]],

       [[0., 0., 0.],
        [0., 0., 0.],
        [0., 0., 0.]],

       [[0., 0., 0.],
        [0., 0., 0.],
        [0., 0., 0.]],

       [[0., 0., 0.],
        [0., 0., 0.],
        [0., 0., 0.]],

       [[0., 0., 0.],
        [0., 0., 0.],
        [0., 0., 0.]],

       [[0., 0., 0.],
        [0., 0., 0.],
        [0., 0., 0.]],

       [[0., 0., 0.],
        [0., 0., 0.],
        [0., 0., 0.]],

       [[0., 0., 0.],
        [0., 0., 0.],
        [0., 0., 0.]],

       [[0., 0., 0.],
        [0., 0., 0.],
        [0., 0., 0.]],

       [[0., 0., 0.],
        [0., 0., 0.],
        [0., 0., 0.]],

       [[0., 0., 0.],
        [0., 0., 0.],
        [0., 0., 0.]],

       [[0., 0., 0.],
        [0., 0., 0.],
        [0., 0., 0.]]]), scale=9.426551815399144, shift=array([19.78323659,  1.14689637, 94.26551815])), candidate_index=13, candidate_x=array([20.        ,  0.        , 86.66775531]), index=13, x=array([20.        ,  0.        , 86.66775531]), fval=524.7039406292457, rho=2.9802113805450428, accepted=True, new_indices=array([ 1,  2,  3,  4,  5,  6,  7,  8,  9, 10, 11, 12]), old_indices_used=array([0]), old_indices_discarded=array([], dtype=int64), step_length=7.6868952013312875, relative_step_length=0.8154514346140901, n_evals_per_point=1, n_evals_acceptance=1), State(trustregion=Region(center=array([20.        ,  0.        , 86.66775531]), radius=18.853103630798287, bounds=Bounds(lower=array([1.1, 0. , 0. ]), upper=array([ 20., 100., 100.]))), model_indices=array([ 0,  1,  2,  3,  5,  6,  7,  8,  9, 10, 11, 13]), model=ScalarModel(intercept=650.766640969056, linear_terms=array([-120.38358306,   15.03224437,    9.91699116]), square_terms=array([[20.14812309, -2.54197863, -1.67788672],
       [-2.54197863,  0.47235516,  0.3149394 ],
       [-1.67788672,  0.3149394 ,  0.21015239]]), scale=array([ 7.59776284,  7.59776284, 14.26388518]), shift=array([12.40223716,  7.59776284, 85.73611482])), vector_model=VectorModel(intercepts=array([  0.47784283,   0.50169628,  -0.13339603,  -0.25321917,
        -0.43605512,  -0.4875411 ,  -1.23958887,  -6.13661721,
        -7.56743533,  -8.41061577, -11.8491826 , -15.4520071 ]), linear_terms=array([[0., 0., 0.],
       [0., 0., 0.],
       [0., 0., 0.],
       [0., 0., 0.],
       [0., 0., 0.],
       [0., 0., 0.],
       [0., 0., 0.],
       [0., 0., 0.],
       [0., 0., 0.],
       [0., 0., 0.],
       [0., 0., 0.],
       [0., 0., 0.]]), square_terms=array([[[0., 0., 0.],
        [0., 0., 0.],
        [0., 0., 0.]],

       [[0., 0., 0.],
        [0., 0., 0.],
        [0., 0., 0.]],

       [[0., 0., 0.],
        [0., 0., 0.],
        [0., 0., 0.]],

       [[0., 0., 0.],
        [0., 0., 0.],
        [0., 0., 0.]],

       [[0., 0., 0.],
        [0., 0., 0.],
        [0., 0., 0.]],

       [[0., 0., 0.],
        [0., 0., 0.],
        [0., 0., 0.]],

       [[0., 0., 0.],
        [0., 0., 0.],
        [0., 0., 0.]],

       [[0., 0., 0.],
        [0., 0., 0.],
        [0., 0., 0.]],

       [[0., 0., 0.],
        [0., 0., 0.],
        [0., 0., 0.]],

       [[0., 0., 0.],
        [0., 0., 0.],
        [0., 0., 0.]],

       [[0., 0., 0.],
        [0., 0., 0.],
        [0., 0., 0.]],

       [[0., 0., 0.],
        [0., 0., 0.],
        [0., 0., 0.]]]), scale=9.426551815399144, shift=array([19.78323659,  1.14689637, 94.26551815])), candidate_index=14, candidate_x=array([20.        ,  0.        , 71.47222963]), index=13, x=array([20.        ,  0.        , 86.66775531]), fval=524.7039406292457, rho=-0.02725658968064089, accepted=False, new_indices=array([], dtype=int64), old_indices_used=array([ 0,  1,  2,  3,  5,  6,  7,  8,  9, 10, 11, 13]), old_indices_discarded=array([ 4, 12]), step_length=0.0, relative_step_length=0.0, n_evals_per_point=1, n_evals_acceptance=1), State(trustregion=Region(center=array([20.        ,  0.        , 86.66775531]), radius=9.426551815399144, bounds=Bounds(lower=array([1.1, 0. , 0. ]), upper=array([ 20., 100., 100.]))), model_indices=array([ 0,  1,  2,  3,  4,  7,  9, 10, 11, 12, 13, 14]), model=ScalarModel(intercept=587.967508032558, linear_terms=array([-52.62554075,   7.98389799,   4.73764854]), square_terms=array([[ 4.65674095, -0.70519555, -0.41095124],
       [-0.70519555,  0.1647332 ,  0.09682509],
       [-0.41095124,  0.09682509,  0.05695278]]), scale=array([3.79888142, 3.79888142, 7.59776284]), shift=array([16.20111858,  3.79888142, 86.66775531])), vector_model=VectorModel(intercepts=array([  0.47784283,   0.50169628,  -0.13339603,  -0.25321917,
        -0.43605512,  -0.4875411 ,  -1.23958887,  -6.13661721,
        -7.56743533,  -8.41061577, -11.8491826 , -15.4520071 ]), linear_terms=array([[0., 0., 0.],
       [0., 0., 0.],
       [0., 0., 0.],
       [0., 0., 0.],
       [0., 0., 0.],
       [0., 0., 0.],
       [0., 0., 0.],
       [0., 0., 0.],
       [0., 0., 0.],
       [0., 0., 0.],
       [0., 0., 0.],
       [0., 0., 0.]]), square_terms=array([[[0., 0., 0.],
        [0., 0., 0.],
        [0., 0., 0.]],

       [[0., 0., 0.],
        [0., 0., 0.],
        [0., 0., 0.]],

       [[0., 0., 0.],
        [0., 0., 0.],
        [0., 0., 0.]],

       [[0., 0., 0.],
        [0., 0., 0.],
        [0., 0., 0.]],

       [[0., 0., 0.],
        [0., 0., 0.],
        [0., 0., 0.]],

       [[0., 0., 0.],
        [0., 0., 0.],
        [0., 0., 0.]],

       [[0., 0., 0.],
        [0., 0., 0.],
        [0., 0., 0.]],

       [[0., 0., 0.],
        [0., 0., 0.],
        [0., 0., 0.]],

       [[0., 0., 0.],
        [0., 0., 0.],
        [0., 0., 0.]],

       [[0., 0., 0.],
        [0., 0., 0.],
        [0., 0., 0.]],

       [[0., 0., 0.],
        [0., 0., 0.],
        [0., 0., 0.]],

       [[0., 0., 0.],
        [0., 0., 0.],
        [0., 0., 0.]]]), scale=9.426551815399144, shift=array([19.78323659,  1.14689637, 94.26551815])), candidate_index=15, candidate_x=array([20.        ,  0.        , 79.06999247]), index=13, x=array([20.        ,  0.        , 86.66775531]), fval=524.7039406292457, rho=-0.02609000940776385, accepted=False, new_indices=array([], dtype=int64), old_indices_used=array([ 0,  1,  2,  3,  4,  7,  9, 10, 11, 12, 13, 14]), old_indices_discarded=array([5, 6, 8]), step_length=0.0, relative_step_length=0.0, n_evals_per_point=1, n_evals_acceptance=1), State(trustregion=Region(center=array([20.        ,  0.        , 86.66775531]), radius=4.713275907699572, bounds=Bounds(lower=array([1.1, 0. , 0. ]), upper=array([ 20., 100., 100.]))), model_indices=array([ 0,  1,  2,  3,  4,  7,  9, 10, 11, 12, 13, 15]), model=ScalarModel(intercept=557.023126508574, linear_terms=array([-25.00220264,   4.00027743,   2.91588553]), square_terms=array([[ 1.1729736 , -0.18843746, -0.13465368],
       [-0.18843746,  0.04655041,  0.03353581],
       [-0.13465368,  0.03353581,  0.02417872]]), scale=array([1.89944071, 1.89944071, 3.79888142]), shift=array([18.10055929,  1.89944071, 86.66775531])), vector_model=VectorModel(intercepts=array([  0.47784283,   0.50169628,  -0.13339603,  -0.25321917,
        -0.43605512,  -0.4875411 ,  -1.23958887,  -6.13661721,
        -7.56743533,  -8.41061577, -11.8491826 , -15.4520071 ]), linear_terms=array([[0., 0., 0.],
       [0., 0., 0.],
       [0., 0., 0.],
       [0., 0., 0.],
       [0., 0., 0.],
       [0., 0., 0.],
       [0., 0., 0.],
       [0., 0., 0.],
       [0., 0., 0.],
       [0., 0., 0.],
       [0., 0., 0.],
       [0., 0., 0.]]), square_terms=array([[[0., 0., 0.],
        [0., 0., 0.],
        [0., 0., 0.]],

       [[0., 0., 0.],
        [0., 0., 0.],
        [0., 0., 0.]],

       [[0., 0., 0.],
        [0., 0., 0.],
        [0., 0., 0.]],

       [[0., 0., 0.],
        [0., 0., 0.],
        [0., 0., 0.]],

       [[0., 0., 0.],
        [0., 0., 0.],
        [0., 0., 0.]],

       [[0., 0., 0.],
        [0., 0., 0.],
        [0., 0., 0.]],

       [[0., 0., 0.],
        [0., 0., 0.],
        [0., 0., 0.]],

       [[0., 0., 0.],
        [0., 0., 0.],
        [0., 0., 0.]],

       [[0., 0., 0.],
        [0., 0., 0.],
        [0., 0., 0.]],

       [[0., 0., 0.],
        [0., 0., 0.],
        [0., 0., 0.]],

       [[0., 0., 0.],
        [0., 0., 0.],
        [0., 0., 0.]],

       [[0., 0., 0.],
        [0., 0., 0.],
        [0., 0., 0.]]]), scale=9.426551815399144, shift=array([19.78323659,  1.14689637, 94.26551815])), candidate_index=16, candidate_x=array([20.        ,  0.        , 82.86887389]), index=13, x=array([20.        ,  0.        , 86.66775531]), fval=524.7039406292457, rho=-0.019277240496545094, accepted=False, new_indices=array([], dtype=int64), old_indices_used=array([ 0,  1,  2,  3,  4,  7,  9, 10, 11, 12, 13, 15]), old_indices_discarded=array([ 5,  6,  8, 14]), step_length=0.0, relative_step_length=0.0, n_evals_per_point=1, n_evals_acceptance=1), State(trustregion=Region(center=array([20.        ,  0.        , 86.66775531]), radius=2.356637953849786, bounds=Bounds(lower=array([1.1, 0. , 0. ]), upper=array([ 20., 100., 100.]))), model_indices=array([ 0,  4,  9, 10, 11, 13, 15, 16]), model=ScalarModel(intercept=543.1900446397926, linear_terms=array([-12.24101276,   2.07015073,   2.18635709]), square_terms=array([[ 0.2989162 , -0.05049408, -0.05307943],
       [-0.05049408,  0.01313039,  0.01376843],
       [-0.05307943,  0.01376843,  0.01443956]]), scale=array([0.94972036, 0.94972036, 1.89944071]), shift=array([19.05027964,  0.94972036, 86.66775531])), vector_model=VectorModel(intercepts=array([  0.47784283,   0.50169628,  -0.13339603,  -0.25321917,
        -0.43605512,  -0.4875411 ,  -1.23958887,  -6.13661721,
        -7.56743533,  -8.41061577, -11.8491826 , -15.4520071 ]), linear_terms=array([[0., 0., 0.],
       [0., 0., 0.],
       [0., 0., 0.],
       [0., 0., 0.],
       [0., 0., 0.],
       [0., 0., 0.],
       [0., 0., 0.],
       [0., 0., 0.],
       [0., 0., 0.],
       [0., 0., 0.],
       [0., 0., 0.],
       [0., 0., 0.]]), square_terms=array([[[0., 0., 0.],
        [0., 0., 0.],
        [0., 0., 0.]],

       [[0., 0., 0.],
        [0., 0., 0.],
        [0., 0., 0.]],

       [[0., 0., 0.],
        [0., 0., 0.],
        [0., 0., 0.]],

       [[0., 0., 0.],
        [0., 0., 0.],
        [0., 0., 0.]],

       [[0., 0., 0.],
        [0., 0., 0.],
        [0., 0., 0.]],

       [[0., 0., 0.],
        [0., 0., 0.],
        [0., 0., 0.]],

       [[0., 0., 0.],
        [0., 0., 0.],
        [0., 0., 0.]],

       [[0., 0., 0.],
        [0., 0., 0.],
        [0., 0., 0.]],

       [[0., 0., 0.],
        [0., 0., 0.],
        [0., 0., 0.]],

       [[0., 0., 0.],
        [0., 0., 0.],
        [0., 0., 0.]],

       [[0., 0., 0.],
        [0., 0., 0.],
        [0., 0., 0.]],

       [[0., 0., 0.],
        [0., 0., 0.],
        [0., 0., 0.]]]), scale=9.426551815399144, shift=array([19.78323659,  1.14689637, 94.26551815])), candidate_index=17, candidate_x=array([20.       ,  0.       , 84.7683146]), index=13, x=array([20.        ,  0.        , 86.66775531]), fval=524.7039406292457, rho=-0.0121380766149339, accepted=False, new_indices=array([], dtype=int64), old_indices_used=array([ 0,  4,  9, 10, 11, 13, 15, 16]), old_indices_discarded=array([], dtype=int64), step_length=0.0, relative_step_length=0.0, n_evals_per_point=1, n_evals_acceptance=1), State(trustregion=Region(center=array([20.        ,  0.        , 86.66775531]), radius=1.178318976924893, bounds=Bounds(lower=array([1.1, 0. , 0. ]), upper=array([ 20., 100., 100.]))), model_indices=array([10, 13, 16, 17]), model=ScalarModel(intercept=132.69177430403647, linear_terms=array([-3.05131446e+00, -2.65383549e+02, -6.67622681e-03]), square_terms=array([[7.84598325e-02, 3.05131446e+00, 1.69768996e-04],
       [3.05131446e+00, 2.65383549e+02, 6.67622681e-03],
       [1.69768996e-04, 6.67622681e-03, 5.24499522e-07]]), scale=array([0.47486018, 0.47486018, 0.94972036]), shift=array([19.52513982,  0.47486018, 86.66775531])), vector_model=VectorModel(intercepts=array([  0.47784283,   0.50169628,  -0.13339603,  -0.25321917,
        -0.43605512,  -0.4875411 ,  -1.23958887,  -6.13661721,
        -7.56743533,  -8.41061577, -11.8491826 , -15.4520071 ]), linear_terms=array([[0., 0., 0.],
       [0., 0., 0.],
       [0., 0., 0.],
       [0., 0., 0.],
       [0., 0., 0.],
       [0., 0., 0.],
       [0., 0., 0.],
       [0., 0., 0.],
       [0., 0., 0.],
       [0., 0., 0.],
       [0., 0., 0.],
       [0., 0., 0.]]), square_terms=array([[[0., 0., 0.],
        [0., 0., 0.],
        [0., 0., 0.]],

       [[0., 0., 0.],
        [0., 0., 0.],
        [0., 0., 0.]],

       [[0., 0., 0.],
        [0., 0., 0.],
        [0., 0., 0.]],

       [[0., 0., 0.],
        [0., 0., 0.],
        [0., 0., 0.]],

       [[0., 0., 0.],
        [0., 0., 0.],
        [0., 0., 0.]],

       [[0., 0., 0.],
        [0., 0., 0.],
        [0., 0., 0.]],

       [[0., 0., 0.],
        [0., 0., 0.],
        [0., 0., 0.]],

       [[0., 0., 0.],
        [0., 0., 0.],
        [0., 0., 0.]],

       [[0., 0., 0.],
        [0., 0., 0.],
        [0., 0., 0.]],

       [[0., 0., 0.],
        [0., 0., 0.],
        [0., 0., 0.]],

       [[0., 0., 0.],
        [0., 0., 0.],
        [0., 0., 0.]],

       [[0., 0., 0.],
        [0., 0., 0.],
        [0., 0., 0.]]]), scale=9.426551815399144, shift=array([19.78323659,  1.14689637, 94.26551815])), candidate_index=18, candidate_x=array([19.52513603,  0.94972035, 86.67128855]), index=13, x=array([20.        ,  0.        , 86.66775531]), fval=524.7039406292457, rho=-0.04946221717138174, accepted=False, new_indices=array([], dtype=int64), old_indices_used=array([10, 13, 16, 17]), old_indices_discarded=array([], dtype=int64), step_length=0.0, relative_step_length=0.0, n_evals_per_point=1, n_evals_acceptance=1), State(trustregion=Region(center=array([20.        ,  0.        , 86.66775531]), radius=0.5891594884624465, bounds=Bounds(lower=array([1.1, 0. , 0. ]), upper=array([ 20., 100., 100.]))), model_indices=array([13, 17, 18, 19, 20, 21, 22, 23, 24, 25, 26, 27, 28, 29, 30]), model=ScalarModel(intercept=537.1904087499689, linear_terms=array([-2.47883111,  6.85175415,  0.65204698]), square_terms=array([[ 0.01347074, -0.0317831 , -0.00302504],
       [-0.0317831 ,  0.14399046,  0.0137179 ],
       [-0.00302504,  0.0137179 ,  0.0013072 ]]), scale=array([0.23743009, 0.23743009, 0.47486018]), shift=array([19.76256991,  0.23743009, 86.66775531])), vector_model=VectorModel(intercepts=array([  0.47784283,   0.50169628,  -0.13339603,  -0.25321917,
        -0.43605512,  -0.4875411 ,  -1.23958887,  -6.13661721,
        -7.56743533,  -8.41061577, -11.8491826 , -15.4520071 ]), linear_terms=array([[0., 0., 0.],
       [0., 0., 0.],
       [0., 0., 0.],
       [0., 0., 0.],
       [0., 0., 0.],
       [0., 0., 0.],
       [0., 0., 0.],
       [0., 0., 0.],
       [0., 0., 0.],
       [0., 0., 0.],
       [0., 0., 0.],
       [0., 0., 0.]]), square_terms=array([[[0., 0., 0.],
        [0., 0., 0.],
        [0., 0., 0.]],

       [[0., 0., 0.],
        [0., 0., 0.],
        [0., 0., 0.]],

       [[0., 0., 0.],
        [0., 0., 0.],
        [0., 0., 0.]],

       [[0., 0., 0.],
        [0., 0., 0.],
        [0., 0., 0.]],

       [[0., 0., 0.],
        [0., 0., 0.],
        [0., 0., 0.]],

       [[0., 0., 0.],
        [0., 0., 0.],
        [0., 0., 0.]],

       [[0., 0., 0.],
        [0., 0., 0.],
        [0., 0., 0.]],

       [[0., 0., 0.],
        [0., 0., 0.],
        [0., 0., 0.]],

       [[0., 0., 0.],
        [0., 0., 0.],
        [0., 0., 0.]],

       [[0., 0., 0.],
        [0., 0., 0.],
        [0., 0., 0.]],

       [[0., 0., 0.],
        [0., 0., 0.],
        [0., 0., 0.]],

       [[0., 0., 0.],
        [0., 0., 0.],
        [0., 0., 0.]]]), scale=9.426551815399144, shift=array([19.78323659,  1.14689637, 94.26551815])), candidate_index=31, candidate_x=array([20.        ,  0.        , 86.19289514]), index=13, x=array([20.        ,  0.        , 86.66775531]), fval=524.7039406292457, rho=-0.009987955613240226, accepted=False, new_indices=array([19, 20, 21, 22, 23, 24, 25, 26, 27, 28, 29, 30]), old_indices_used=array([13, 17, 18]), old_indices_discarded=array([], dtype=int64), step_length=0.0, relative_step_length=0.0, n_evals_per_point=1, n_evals_acceptance=1), State(trustregion=Region(center=array([20.        ,  0.        , 86.66775531]), radius=0.29457974423122324, bounds=Bounds(lower=array([1.1, 0. , 0. ]), upper=array([ 20., 100., 100.]))), model_indices=array([13, 19, 21, 22, 23, 24, 25, 27, 28, 29, 30, 31]), model=ScalarModel(intercept=531.680402811018, linear_terms=array([-1.71678389,  4.97210915,  0.08902538]), square_terms=array([[ 6.43065282e-03, -1.93954533e-02, -3.47130439e-04],
       [-1.93954533e-02,  7.81287781e-02,  1.40826629e-03],
       [-3.47130439e-04,  1.40826629e-03,  2.54923498e-05]]), scale=array([0.11871504, 0.11871504, 0.23743009]), shift=array([19.88128496,  0.11871504, 86.66775531])), vector_model=VectorModel(intercepts=array([  0.47784283,   0.50169628,  -0.13339603,  -0.25321917,
        -0.43605512,  -0.4875411 ,  -1.23958887,  -6.13661721,
        -7.56743533,  -8.41061577, -11.8491826 , -15.4520071 ]), linear_terms=array([[0., 0., 0.],
       [0., 0., 0.],
       [0., 0., 0.],
       [0., 0., 0.],
       [0., 0., 0.],
       [0., 0., 0.],
       [0., 0., 0.],
       [0., 0., 0.],
       [0., 0., 0.],
       [0., 0., 0.],
       [0., 0., 0.],
       [0., 0., 0.]]), square_terms=array([[[0., 0., 0.],
        [0., 0., 0.],
        [0., 0., 0.]],

       [[0., 0., 0.],
        [0., 0., 0.],
        [0., 0., 0.]],

       [[0., 0., 0.],
        [0., 0., 0.],
        [0., 0., 0.]],

       [[0., 0., 0.],
        [0., 0., 0.],
        [0., 0., 0.]],

       [[0., 0., 0.],
        [0., 0., 0.],
        [0., 0., 0.]],

       [[0., 0., 0.],
        [0., 0., 0.],
        [0., 0., 0.]],

       [[0., 0., 0.],
        [0., 0., 0.],
        [0., 0., 0.]],

       [[0., 0., 0.],
        [0., 0., 0.],
        [0., 0., 0.]],

       [[0., 0., 0.],
        [0., 0., 0.],
        [0., 0., 0.]],

       [[0., 0., 0.],
        [0., 0., 0.],
        [0., 0., 0.]],

       [[0., 0., 0.],
        [0., 0., 0.],
        [0., 0., 0.]],

       [[0., 0., 0.],
        [0., 0., 0.],
        [0., 0., 0.]]]), scale=9.426551815399144, shift=array([19.78323659,  1.14689637, 94.26551815])), candidate_index=32, candidate_x=array([20.        ,  0.        , 86.43032522]), index=13, x=array([20.        ,  0.        , 86.66775531]), fval=524.7039406292457, rho=-0.03626203999967447, accepted=False, new_indices=array([], dtype=int64), old_indices_used=array([13, 19, 21, 22, 23, 24, 25, 27, 28, 29, 30, 31]), old_indices_discarded=array([18, 20, 26]), step_length=0.0, relative_step_length=0.0, n_evals_per_point=1, n_evals_acceptance=1), State(trustregion=Region(center=array([20.        ,  0.        , 86.66775531]), radius=0.14728987211561162, bounds=Bounds(lower=array([1.1, 0. , 0. ]), upper=array([ 20., 100., 100.]))), model_indices=array([13, 19, 22, 23, 24, 25, 27, 28, 29, 30, 31, 32]), model=ScalarModel(intercept=528.3268333129865, linear_terms=array([-0.87280267,  2.53569626,  0.07839305]), square_terms=array([[ 1.69383050e-03, -5.17420095e-03, -1.61725842e-04],
       [-5.17420095e-03,  2.07558702e-02,  6.50157631e-04],
       [-1.61725842e-04,  6.50157631e-04,  2.04112783e-05]]), scale=array([0.05935752, 0.05935752, 0.11871504]), shift=array([1.99406425e+01, 5.93575222e-02, 8.66677553e+01])), vector_model=VectorModel(intercepts=array([  0.47784283,   0.50169628,  -0.13339603,  -0.25321917,
        -0.43605512,  -0.4875411 ,  -1.23958887,  -6.13661721,
        -7.56743533,  -8.41061577, -11.8491826 , -15.4520071 ]), linear_terms=array([[0., 0., 0.],
       [0., 0., 0.],
       [0., 0., 0.],
       [0., 0., 0.],
       [0., 0., 0.],
       [0., 0., 0.],
       [0., 0., 0.],
       [0., 0., 0.],
       [0., 0., 0.],
       [0., 0., 0.],
       [0., 0., 0.],
       [0., 0., 0.]]), square_terms=array([[[0., 0., 0.],
        [0., 0., 0.],
        [0., 0., 0.]],

       [[0., 0., 0.],
        [0., 0., 0.],
        [0., 0., 0.]],

       [[0., 0., 0.],
        [0., 0., 0.],
        [0., 0., 0.]],

       [[0., 0., 0.],
        [0., 0., 0.],
        [0., 0., 0.]],

       [[0., 0., 0.],
        [0., 0., 0.],
        [0., 0., 0.]],

       [[0., 0., 0.],
        [0., 0., 0.],
        [0., 0., 0.]],

       [[0., 0., 0.],
        [0., 0., 0.],
        [0., 0., 0.]],

       [[0., 0., 0.],
        [0., 0., 0.],
        [0., 0., 0.]],

       [[0., 0., 0.],
        [0., 0., 0.],
        [0., 0., 0.]],

       [[0., 0., 0.],
        [0., 0., 0.],
        [0., 0., 0.]],

       [[0., 0., 0.],
        [0., 0., 0.],
        [0., 0., 0.]],

       [[0., 0., 0.],
        [0., 0., 0.],
        [0., 0., 0.]]]), scale=9.426551815399144, shift=array([19.78323659,  1.14689637, 94.26551815])), candidate_index=33, candidate_x=array([20.        ,  0.        , 86.54904027]), index=13, x=array([20.        ,  0.        , 86.66775531]), fval=524.7039406292457, rho=-0.02037865004160945, accepted=False, new_indices=array([], dtype=int64), old_indices_used=array([13, 19, 22, 23, 24, 25, 27, 28, 29, 30, 31, 32]), old_indices_discarded=array([21, 26]), step_length=0.0, relative_step_length=0.0, n_evals_per_point=1, n_evals_acceptance=1), State(trustregion=Region(center=array([20.        ,  0.        , 86.66775531]), radius=0.07364493605780581, bounds=Bounds(lower=array([1.1, 0. , 0. ]), upper=array([ 20., 100., 100.]))), model_indices=array([13, 32, 33, 34, 35, 36, 37, 38, 39, 40, 41, 42, 43, 44, 45]), model=ScalarModel(intercept=526.705426805869, linear_terms=array([-3.60957802e-01,  1.64039637e+00, -5.79975683e-04]), square_terms=array([[ 2.92278311e-04, -1.31558538e-03,  4.95027909e-07],
       [-1.31558538e-03,  9.01601932e-03, -2.31649517e-06],
       [ 4.95027909e-07, -2.31649517e-06,  2.17939691e-09]]), scale=array([0.02967876, 0.02967876, 0.05935752]), shift=array([1.99703212e+01, 2.96787611e-02, 8.66677553e+01])), vector_model=VectorModel(intercepts=array([  0.47784283,   0.50169628,  -0.13339603,  -0.25321917,
        -0.43605512,  -0.4875411 ,  -1.23958887,  -6.13661721,
        -7.56743533,  -8.41061577, -11.8491826 , -15.4520071 ]), linear_terms=array([[0., 0., 0.],
       [0., 0., 0.],
       [0., 0., 0.],
       [0., 0., 0.],
       [0., 0., 0.],
       [0., 0., 0.],
       [0., 0., 0.],
       [0., 0., 0.],
       [0., 0., 0.],
       [0., 0., 0.],
       [0., 0., 0.],
       [0., 0., 0.]]), square_terms=array([[[0., 0., 0.],
        [0., 0., 0.],
        [0., 0., 0.]],

       [[0., 0., 0.],
        [0., 0., 0.],
        [0., 0., 0.]],

       [[0., 0., 0.],
        [0., 0., 0.],
        [0., 0., 0.]],

       [[0., 0., 0.],
        [0., 0., 0.],
        [0., 0., 0.]],

       [[0., 0., 0.],
        [0., 0., 0.],
        [0., 0., 0.]],

       [[0., 0., 0.],
        [0., 0., 0.],
        [0., 0., 0.]],

       [[0., 0., 0.],
        [0., 0., 0.],
        [0., 0., 0.]],

       [[0., 0., 0.],
        [0., 0., 0.],
        [0., 0., 0.]],

       [[0., 0., 0.],
        [0., 0., 0.],
        [0., 0., 0.]],

       [[0., 0., 0.],
        [0., 0., 0.],
        [0., 0., 0.]],

       [[0., 0., 0.],
        [0., 0., 0.],
        [0., 0., 0.]],

       [[0., 0., 0.],
        [0., 0., 0.],
        [0., 0., 0.]]]), scale=9.426551815399144, shift=array([19.78323659,  1.14689637, 94.26551815])), candidate_index=46, candidate_x=array([20.        ,  0.        , 86.72711284]), index=46, x=array([20.        ,  0.        , 86.72711284]), fval=524.703151130223, rho=1.3678959446478696, accepted=True, new_indices=array([34, 35, 36, 37, 38, 39, 40, 41, 42, 43, 44, 45]), old_indices_used=array([13, 32, 33]), old_indices_discarded=array([], dtype=int64), step_length=0.05935752218961454, relative_step_length=0.8059959770081583, n_evals_per_point=1, n_evals_acceptance=1)], 'message': 'Absolute criterion change smaller than tolerance.', 'tranquilo_history': History for least_squares function with 47 entries., 'history': {'params': [{'CRRA': 19.783236586220877, 'BeqShift': 1.1468963692017122, 'BeqFac': 94.26551815399144}, {'CRRA': 12.294353296252737, 'BeqShift': 0.0, 'BeqFac': 97.01505739144444}, {'CRRA': 16.756574843372704, 'BeqShift': 0.7055214728283475, 'BeqFac': 100.0}, {'CRRA': 20.0, 'BeqShift': 8.530921818677792, 'BeqFac': 95.23794890701399}, {'CRRA': 16.61577803375569, 'BeqShift': 7.4042987451712285, 'BeqFac': 86.66775531372005}, {'CRRA': 14.065151735567593, 'BeqShift': 8.744659209473093, 'BeqFac': 99.81790423600151}, {'CRRA': 19.810291787962267, 'BeqShift': 8.372636999922767, 'BeqFac': 100.0}, {'CRRA': 12.185473745949496, 'BeqShift': 7.411400232920594, 'BeqFac': 92.35968046577688}, {'CRRA': 12.272600305017914, 'BeqShift': 3.0067854614170737, 'BeqFac': 100.0}, {'CRRA': 19.89304589758966, 'BeqShift': 8.484529909964072, 'BeqFac': 86.66775531372005}, {'CRRA': 14.960159954984054, 'BeqShift': 0.0, 'BeqFac': 86.9324209222798}, {'CRRA': 12.20759971700194, 'BeqShift': 8.744659209473093, 'BeqFac': 86.79978849921083}, {'CRRA': 20.0, 'BeqShift': 0.28310726427375954, 'BeqFac': 99.76004489427844}, {'CRRA': 20.0, 'BeqShift': 0.0, 'BeqFac': 86.66775531372005}, {'CRRA': 20.0, 'BeqShift': 0.0, 'BeqFac': 71.47222963317729}, {'CRRA': 20.0, 'BeqShift': 0.0, 'BeqFac': 79.06999247344866}, {'CRRA': 20.0, 'BeqShift': 0.0, 'BeqFac': 82.86887389358436}, {'CRRA': 20.0, 'BeqShift': 0.0, 'BeqFac': 84.7683146036522}, {'CRRA': 19.525136034512666, 'BeqShift': 0.9497203541444366, 'BeqFac': 86.67128855075862}, {'CRRA': 19.999608094790165, 'BeqShift': 0.04202997125725431, 'BeqFac': 86.19289513620309}, {'CRRA': 19.620344165396734, 'BeqShift': 0.47335127546631145, 'BeqFac': 86.19289513620309}, {'CRRA': 19.771839000512475, 'BeqShift': 0.4748601775169614, 'BeqFac': 87.13934587057612}, {'CRRA': 20.0, 'BeqShift': 0.21347567120735209, 'BeqFac': 87.11806246774789}, {'CRRA': 19.525139822483037, 'BeqShift': 0.16289088240672633, 'BeqFac': 86.20502730086294}, {'CRRA': 19.999557767342758, 'BeqShift': 0.0, 'BeqFac': 87.12943120139398}, {'CRRA': 19.979339894774107, 'BeqShift': 0.46646873654207555, 'BeqFac': 86.19289513620309}, {'CRRA': 19.527913937848925, 'BeqShift': 0.4748601775169614, 'BeqFac': 86.95604139363849}, {'CRRA': 19.525139822483037, 'BeqShift': 0.19568418666903123, 'BeqFac': 87.11039765502372}, {'CRRA': 19.998690893023305, 'BeqShift': 0.4748601775169614, 'BeqFac': 86.94237312683612}, {'CRRA': 19.66287847457735, 'BeqShift': 0.0, 'BeqFac': 86.19289513620309}, {'CRRA': 19.55776265486996, 'BeqShift': 0.0, 'BeqFac': 86.9950164045329}, {'CRRA': 20.0, 'BeqShift': 0.0, 'BeqFac': 86.19289513620309}, {'CRRA': 20.0, 'BeqShift': 0.0, 'BeqFac': 86.43032522496156}, {'CRRA': 20.0, 'BeqShift': 0.0, 'BeqFac': 86.54904026934081}, {'CRRA': 19.94064247781038, 'BeqShift': 0.0575962001364978, 'BeqFac': 86.7006035844057}, {'CRRA': 20.0, 'BeqShift': 1.6320053506725092e-05, 'BeqFac': 86.72103991507552}, {'CRRA': 19.943100435374355, 'BeqShift': 0.0011392419763788834, 'BeqFac': 86.60839779153044}, {'CRRA': 20.0, 'BeqShift': 0.057141705345021845, 'BeqFac': 86.61136508267562}, {'CRRA': 19.942221743408595, 'BeqShift': 0.010437519713215878, 'BeqFac': 86.72711283590967}, {'CRRA': 19.958975835855878, 'BeqShift': 0.0, 'BeqFac': 86.66357410357807}, {'CRRA': 19.996952621086656, 'BeqShift': 0.0389853734979915, 'BeqFac': 86.72711283590967}, {'CRRA': 19.99776728264978, 'BeqShift': 0.059357522189620156, 'BeqFac': 86.70599131877297}, {'CRRA': 19.99884316766372, 'BeqShift': 0.015043598638969353, 'BeqFac': 86.60839779153044}, {'CRRA': 19.969974958104125, 'BeqShift': 0.059357522189620156, 'BeqFac': 86.61654281272924}, {'CRRA': 19.94473126226863, 'BeqShift': 0.059357522189620156, 'BeqFac': 86.71637625069603}, {'CRRA': 19.94064247781038, 'BeqShift': 0.03660064376849798, 'BeqFac': 86.61268550560347}, {'CRRA': 20.0, 'BeqShift': 0.0, 'BeqFac': 86.72711283590967}], 'criterion': [547.3566256477009, 633.5572891160768, 589.2540098927484, 544.5282150453735, 591.3446348092954, 631.322483590004, 547.007074022358, 662.4289217613041, 660.9257243096552, 545.9150443374725, 593.0548720335755, 662.0389824585644, 540.357444240031, 524.7039406292457, 524.9311815721057, 524.8135550857986, 524.7566755770545, 524.7295797603603, 550.6569489004537, 527.0331443517225, 549.4336035136098, 547.4979297390802, 536.6375832868853, 539.8003259043165, 524.7030256636397, 544.7761289858861, 550.6147591479555, 541.6060921280537, 544.5369220743437, 528.8610203441955, 530.14832282237, 524.7102794896481, 524.7071047545611, 524.7055214207883, 528.5949714469824, 524.7042249126696, 525.4712531210565, 527.8751220413906, 525.9792942253525, 525.2191374191967, 526.9077267689082, 528.033754332907, 525.5408711736038, 528.3399200290099, 528.6457515063504, 527.4800595521358, 524.703151130223], 'runtime': [0.0, 1.7767175420885906, 1.808728606090881, 1.8446392470505089, 1.8808911989908665, 1.9162816010648385, 1.9510296609951183, 1.9863993880571797, 2.0248662340454757, 2.056670385063626, 2.096710412064567, 2.132348079001531, 2.169877993990667, 4.281931005069055, 5.97714116203133, 7.664240544079803, 9.380701828049496, 11.126322594005615, 12.868752893060446, 14.69610632804688, 14.734087279066443, 14.773777456022799, 14.812794355093502, 14.8513862490654, 14.88920296705328, 14.929799247998744, 14.972448974032886, 15.012749343062751, 15.048884659074247, 15.100328180007637, 15.137923294096254, 17.328359963023104, 19.06675714708399, 20.930568873067386, 22.786771328072064, 22.820079951081425, 22.854945920058526, 22.89747173304204, 22.932775967987254, 22.971220634994097, 23.00845330406446, 23.045273180003278, 23.086368500022218, 23.124495870084502, 23.164644066011533, 23.208519013016485, 25.25008525303565], 'batches': [0, 1, 1, 1, 1, 1, 1, 1, 1, 1, 1, 1, 1, 2, 3, 4, 5, 6, 7, 8, 8, 8, 8, 8, 8, 8, 8, 8, 8, 8, 8, 9, 10, 11, 12, 12, 12, 12, 12, 12, 12, 12, 12, 12, 12, 12, 13]}}], 'exploration_sample': array([[ 20.      ,   0.      , 100.      ],
       [ 19.409375,  59.375   ,  34.375   ],
       [ 18.81875 ,   6.25    ,  68.75    ],
       [ 18.228125,  40.625   ,  78.125   ],
       [ 17.6375  ,  87.5     ,  12.5     ],
       [ 17.046875,  21.875   ,  21.875   ],
       [ 16.45625 ,  68.75    ,  81.25    ],
       [ 15.865625,  78.125   ,  65.625   ],
       [ 15.275   ,  25.      ,  25.      ],
       [ 14.684375,  34.375   ,  59.375   ],
       [ 14.09375 ,  81.25    ,  43.75    ],
       [ 13.503125,  65.625   ,   3.125   ],
       [ 12.9125  ,  12.5     ,  87.5     ],
       [ 12.321875,  96.875   ,  96.875   ],
       [ 11.73125 ,  43.75    ,   6.25    ],
       [ 10.55    ,  50.      ,  50.      ],
       [  9.959375,   9.375   ,  84.375   ],
       [  9.36875 ,  56.25    ,  18.75    ],
       [  8.778125,  90.625   ,  28.125   ],
       [  8.1875  ,  37.5     ,  62.5     ],
       [  7.596875,  71.875   ,  71.875   ],
       [  7.00625 ,  18.75    ,  31.25    ],
       [  6.415625,  28.125   ,  15.625   ],
       [  5.825   ,  75.      ,  75.      ],
       [  5.234375,  84.375   ,   9.375   ],
       [  4.64375 ,  31.25    ,  93.75    ],
       [  2.28125 ,  93.75    ,  56.25    ],
       [  4.053125,  15.625   ,  53.125   ],
       [  3.4625  ,  62.5     ,  37.5     ],
       [  2.871875,  46.875   ,  46.875   ]]), 'exploration_results': array([524.53848829, 552.19254832, 560.05550162, 568.2401195 ,
       576.57282945, 585.04411679, 593.78465586, 602.72751643,
       611.83800304, 621.34531328, 630.8514616 , 640.47808986,
       650.12264439, 660.06283652, 670.200504  , 691.96915603,
       703.36459811, 714.89984506, 726.59753776, 738.64685038,
       751.47850871, 764.879304  , 778.0566269 , 790.93750826,
       803.86316025, 816.5839994 , 822.64584766, 826.89391181,
       833.59042046, 833.81572055])}}"
