CRRA,9.009448242187501
time_to_estimate,53.518808364868164
params,{'CRRA': 9.009448242187501}
criterion,0.6107557114718586
start_criterion,4.188516286933244
start_params,{'CRRA': 2.0}
algorithm,multistart_tranquilo_ls
direction,minimize
n_free,1
message,Absolute criterion change smaller than tolerance.
success,
n_criterion_evaluations,
n_derivative_evaluations,
n_iterations,
history,"{'params': [{'CRRA': 8.1875}, {'CRRA': 7.36875}, {'CRRA': 9.00625}, {'CRRA': 7.36875}, {'CRRA': 7.36875}, {'CRRA': 9.00625}, {'CRRA': 7.36875}, {'CRRA': 7.36875}, {'CRRA': 9.00625}, {'CRRA': 7.36875}, {'CRRA': 9.00625}, {'CRRA': 7.36875}, {'CRRA': 9.00625}, {'CRRA': 7.36875}, {'CRRA': 7.36875}, {'CRRA': 9.00625}, {'CRRA': 7.36875}, {'CRRA': 7.36875}, {'CRRA': 9.00625}, {'CRRA': 9.00625}, {'CRRA': 9.00625}, {'CRRA': 7.36875}, {'CRRA': 9.00625}, {'CRRA': 7.36875}, {'CRRA': 7.36875}, {'CRRA': 7.36875}, {'CRRA': 7.36875}, {'CRRA': 9.00625}, {'CRRA': 7.36875}, {'CRRA': 7.36875}, {'CRRA': 7.36875}, {'CRRA': 9.00625}, {'CRRA': 7.36875}, {'CRRA': 9.00625}, {'CRRA': 9.00625}, {'CRRA': 9.00625}, {'CRRA': 7.36875}, {'CRRA': 7.36875}, {'CRRA': 7.36875}, {'CRRA': 7.36875}, {'CRRA': 9.00625}, {'CRRA': 7.36875}, {'CRRA': 9.00625}, {'CRRA': 9.00625}, {'CRRA': 7.36875}, {'CRRA': 9.00625}, {'CRRA': 9.00625}, {'CRRA': 9.00625}, {'CRRA': 7.36875}, {'CRRA': 9.00625}, {'CRRA': 9.00625}, {'CRRA': 7.36875}, {'CRRA': 7.36875}, {'CRRA': 9.00625}, {'CRRA': 9.00625}, {'CRRA': 9.00625}, {'CRRA': 9.00625}, {'CRRA': 7.36875}, {'CRRA': 7.36875}, {'CRRA': 9.00625}, {'CRRA': 7.36875}, {'CRRA': 7.36875}, {'CRRA': 9.00625}, {'CRRA': 7.36875}, {'CRRA': 9.00625}, {'CRRA': 9.00625}, {'CRRA': 8.840080732388493}, {'CRRA': 8.895689406364061}, {'CRRA': 8.596874999999999}, {'CRRA': 8.931527590744333}, {'CRRA': 8.8015625}, {'CRRA': 8.98547670424634}, {'CRRA': 9.108593749999999}, {'CRRA': 8.967756909446397}, {'CRRA': 9.057421875}, {'CRRA': 9.0318359375}, {'CRRA': 9.01904296875}, {'CRRA': 8.99345703125}, {'CRRA': 8.999853515625}, {'CRRA': 8.999853515625}, {'CRRA': 9.012646484375}, {'CRRA': 8.987060546875}, {'CRRA': 8.999853515625}, {'CRRA': 9.006250000000001}, {'CRRA': 9.009448242187501}], 'criterion': [0.6355235662304911, 0.7252365545948747, 0.6107771518854064, 0.7252365545948747, 0.7252365545948747, 0.6107771518854064, 0.7252365545948747, 0.7252365545948747, 0.6107771518854064, 0.7252365545948747, 0.6107771518854064, 0.7252365545948747, 0.6107771518854064, 0.7252365545948747, 0.7252365545948747, 0.6107771518854064, 0.7252365545948747, 0.7252365545948747, 0.6107771518854064, 0.6107771518854064, 0.6107771518854064, 0.7252365545948747, 0.6107771518854064, 0.7252365545948747, 0.7252365545948747, 0.7252365545948747, 0.7252365545948747, 0.6107771518854064, 0.7252365545948747, 0.7252365545948747, 0.7252365545948747, 0.6107771518854064, 0.7252365545948747, 0.6107771518854064, 0.6107771518854064, 0.6107771518854064, 0.7252365545948747, 0.7252365545948747, 0.7252365545948747, 0.7252365545948747, 0.6107771518854064, 0.7252365545948747, 0.6107771518854064, 0.6107771518854064, 0.7252365545948747, 0.6107771518854064, 0.6107771518854064, 0.6107771518854064, 0.7252365545948747, 0.6107771518854064, 0.6107771518854064, 0.7252365545948747, 0.7252365545948747, 0.6107771518854064, 0.6107771518854064, 0.6107771518854064, 0.6107771518854064, 0.7252365545948747, 0.7252365545948747, 0.6107771518854064, 0.7252365545948747, 0.7252365545948747, 0.6107771518854064, 0.7252365545948747, 0.6107771518854064, 0.6107771518854064, 0.6119451257349368, 0.6112535853424563, 0.615766752723861, 0.6110690160472356, 0.6122653882522311, 0.6109043197858451, 0.6119006092496578, 0.6109761418944877, 0.6111347590914382, 0.6108955332822141, 0.6108721699923518, 0.6108039429346126, 0.6107760865691982, 0.6107760865691982, 0.6107561848843418, 0.6108980812210706, 0.6107760865691982, 0.6107771518854039, 0.6107557114718586], 'runtime': [0.0, 3.8803648999892175, 3.8795785000547767, 4.078793299850076, 4.275125700049102, 4.43855859991163, 4.65232319990173, 4.899482700042427, 5.0385888000018895, 5.2958705998025835, 5.444523800164461, 5.619946000166237, 5.830467300023884, 6.019943099934608, 6.24996649986133, 6.40098959999159, 6.654349199961871, 6.797562499996275, 6.982198900077492, 7.206652699969709, 7.370366400107741, 7.578621999826282, 7.803022599779069, 8.003340799827129, 8.17153159994632, 8.345700799953192, 8.53867830010131, 8.921147800050676, 9.123830399941653, 9.307182800024748, 9.549977299757302, 9.712152999825776, 9.887573400046676, 10.126343099866062, 10.310744400136173, 10.503646099939942, 10.66938540013507, 10.899514699820429, 11.098457700107247, 11.254193500149995, 11.46173769980669, 11.69131590006873, 11.841973099857569, 12.042473500128835, 12.205429699737579, 12.424304099753499, 12.679599300026894, 12.827362599782646, 13.028057899791747, 13.243121800012887, 13.412606399971992, 13.624684100039303, 13.810466600116342, 14.028584999963641, 14.194397300016135, 14.376550300046802, 14.570061800070107, 14.778505899943411, 14.929133600089699, 15.12032869970426, 15.275691399816424, 15.43326500011608, 14.072729699779302, 14.26397980004549, 14.448389600031078, 16.749496799893677, 18.013161099981517, 19.124676799867302, 20.238324500154704, 21.34995049983263, 22.463474899996072, 23.576954000163823, 24.7553153000772, 26.041825499851257, 27.155870200134814, 28.272195999976248, 29.387846999801695, 30.498806399758905, 31.622433899901807, 32.73856469988823, 33.86146569997072, 35.23333139996976, 36.518386099953204, 37.76484900014475, 39.65904020005837], 'batches': [0, 1, 1, 1, 1, 1, 1, 1, 1, 1, 1, 1, 1, 1, 1, 1, 1, 1, 1, 1, 1, 1, 1, 1, 1, 1, 1, 1, 1, 1, 1, 1, 1, 1, 1, 1, 1, 1, 1, 1, 1, 1, 1, 1, 1, 1, 1, 1, 1, 1, 1, 1, 1, 1, 1, 1, 1, 1, 1, 1, 1, 1, 1, 1, 1, 2, 3, 4, 5, 6, 7, 8, 9, 10, 11, 12, 13, 14, 15, 16, 17, 18, 19, 20, 21]}"
convergence_report,
multistart_info,"{'start_parameters': [{'CRRA': 8.1875}], 'local_optima': [Minimize with 1 free parameters terminated.

The tranquilo_ls algorithm reported: Absolute criterion change smaller than tolerance.

Independent of the convergence criteria used by tranquilo_ls, the strength of convergence can be assessed by the following criteria:

                             one_step     five_steps 
relative_criterion_change  7.751e-07*     3.51e-05   
relative_params_change      0.000355      0.001065   
absolute_criterion_change  4.734e-07*    2.144e-05   
absolute_params_change      0.003198      0.009595   

(***: change <= 1e-10, **: change <= 1e-8, *: change <= 1e-5. Change refers to a change between accepted steps. The first column only considers the last step. The second column considers the last five steps.)], 'exploration_sample': [{'CRRA': 8.1875}, {'CRRA': 10.549999999999999}, {'CRRA': 12.9125}, {'CRRA': 5.824999999999999}, {'CRRA': 14.093749999999998}, {'CRRA': 15.274999999999999}, {'CRRA': 4.64375}, {'CRRA': 17.6375}, {'CRRA': 3.4625}, {'CRRA': 2.0}], 'exploration_results': array([0.63552357, 0.70027509, 1.09142448, 1.13044919, 1.36942911,
       1.68785676, 1.78719493, 2.40959049, 3.13752078, 4.18848989])}"
algorithm_output,"{'states': [State(trustregion=Region(center=array([8.1875]), radius=0.8187500000000001, bounds=Bounds(lower=array([1.1]), upper=array([20.]))), model_indices=[0], model=ScalarModel(intercept=0.6355235662304911, linear_terms=array([0.]), square_terms=array([[0.]]), scale=0.8187500000000001, shift=array([8.1875])), vector_model=VectorModel(intercepts=array([ 0.04076111,  0.102925  ,  0.11806784,  0.15538123,  0.17398325,
        0.1839641 ,  0.18457129,  0.01884088, -0.12726088, -0.11646905,
       -0.4636887 , -0.47394096, -0.08850554, -0.06167029, -0.04881896,
       -0.045171  , -0.03468307]), linear_terms=array([[0.],
       [0.],
       [0.],
       [0.],
       [0.],
       [0.],
       [0.],
       [0.],
       [0.],
       [0.],
       [0.],
       [0.],
       [0.],
       [0.],
       [0.],
       [0.],
       [0.]]), square_terms=array([[[0.]],

       [[0.]],

       [[0.]],

       [[0.]],

       [[0.]],

       [[0.]],

       [[0.]],

       [[0.]],

       [[0.]],

       [[0.]],

       [[0.]],

       [[0.]],

       [[0.]],

       [[0.]],

       [[0.]],

       [[0.]],

       [[0.]]]), scale=0.8187500000000001, shift=array([8.1875])), candidate_index=0, candidate_x=array([8.1875]), index=0, x=array([8.1875]), fval=0.6355235662304912, rho=nan, accepted=True, new_indices=[0], old_indices_used=[], old_indices_discarded=[], step_length=None, relative_step_length=None, n_evals_per_point=None, n_evals_acceptance=None), State(trustregion=Region(center=array([8.1875]), radius=0.8187500000000001, bounds=Bounds(lower=array([1.1]), upper=array([20.]))), model_indices=array([ 0,  1,  2,  3,  4,  5,  6,  7,  8,  9, 10, 11, 12, 13, 14, 15, 16,
       17, 18, 19, 20, 21, 22, 23, 24, 25, 26, 27, 28, 29, 30, 31, 32, 33,
       34, 35, 36, 37, 38, 39, 40, 41, 42, 43, 44, 45, 46, 47, 48, 49, 50,
       51, 52, 53, 54, 55, 56, 57, 58, 59, 60, 61, 62, 63, 64]), model=ScalarModel(intercept=0.6318510574458307, linear_terms=array([-0.05718764]), square_terms=array([[0.07242827]]), scale=0.8187500000000001, shift=array([8.1875])), vector_model=VectorModel(intercepts=array([ 0.04076111,  0.102925  ,  0.11806784,  0.15538123,  0.17398325,
        0.1839641 ,  0.18457129,  0.01884088, -0.12726088, -0.11646905,
       -0.4636887 , -0.47394096, -0.08850554, -0.06167029, -0.04881896,
       -0.045171  , -0.03468307]), linear_terms=array([[0.],
       [0.],
       [0.],
       [0.],
       [0.],
       [0.],
       [0.],
       [0.],
       [0.],
       [0.],
       [0.],
       [0.],
       [0.],
       [0.],
       [0.],
       [0.],
       [0.]]), square_terms=array([[[0.]],

       [[0.]],

       [[0.]],

       [[0.]],

       [[0.]],

       [[0.]],

       [[0.]],

       [[0.]],

       [[0.]],

       [[0.]],

       [[0.]],

       [[0.]],

       [[0.]],

       [[0.]],

       [[0.]],

       [[0.]],

       [[0.]]]), scale=0.8187500000000001, shift=array([8.1875])), candidate_index=65, candidate_x=array([9.00625]), index=65, x=array([9.00625]), fval=0.6107771518854062, rho=1.1798891038745574, accepted=True, new_indices=array([ 1,  2,  3,  4,  5,  6,  7,  8,  9, 10, 11, 12, 13, 14, 15, 16, 17,
       18, 19, 20, 21, 22, 23, 24, 25, 26, 27, 28, 29, 30, 31, 32, 33, 34,
       35, 36, 37, 38, 39, 40, 41, 42, 43, 44, 45, 46, 47, 48, 49, 50, 51,
       52, 53, 54, 55, 56, 57, 58, 59, 60, 61, 62, 63, 64]), old_indices_used=array([0]), old_indices_discarded=array([], dtype=int32), step_length=0.8187499999999996, relative_step_length=0.9999999999999994, n_evals_per_point=1, n_evals_acceptance=1), State(trustregion=Region(center=array([9.00625]), radius=1.6375000000000002, bounds=Bounds(lower=array([1.1]), upper=array([20.]))), model_indices=array([ 0,  1,  2, 62, 64, 65]), model=ScalarModel(intercept=0.6113606650159199, linear_terms=array([0.0291096]), square_terms=array([[0.28685788]]), scale=1.6375000000000002, shift=array([9.00625])), vector_model=VectorModel(intercepts=array([ 0.04076111,  0.102925  ,  0.11806784,  0.15538123,  0.17398325,
        0.1839641 ,  0.18457129,  0.01884088, -0.12726088, -0.11646905,
       -0.4636887 , -0.47394096, -0.08850554, -0.06167029, -0.04881896,
       -0.045171  , -0.03468307]), linear_terms=array([[0.],
       [0.],
       [0.],
       [0.],
       [0.],
       [0.],
       [0.],
       [0.],
       [0.],
       [0.],
       [0.],
       [0.],
       [0.],
       [0.],
       [0.],
       [0.],
       [0.]]), square_terms=array([[[0.]],

       [[0.]],

       [[0.]],

       [[0.]],

       [[0.]],

       [[0.]],

       [[0.]],

       [[0.]],

       [[0.]],

       [[0.]],

       [[0.]],

       [[0.]],

       [[0.]],

       [[0.]],

       [[0.]],

       [[0.]],

       [[0.]]]), scale=0.8187500000000001, shift=array([8.1875])), candidate_index=66, candidate_x=array([8.84008073]), index=65, x=array([9.00625]), fval=0.6107771518854062, rho=-0.790783384764551, accepted=False, new_indices=array([], dtype=int32), old_indices_used=array([ 0,  1,  2, 62, 64, 65]), old_indices_discarded=array([ 3,  4,  5,  6,  7,  8,  9, 10, 11, 12, 13, 14, 15, 16, 17, 18, 19,
       20, 21, 22, 23, 24, 25, 26, 27, 28, 29, 30, 31, 32, 33, 34, 35, 36,
       37, 38, 39, 40, 41, 42, 43, 44, 45, 46, 47, 48, 49, 50, 51, 52, 53,
       54, 55, 56, 57, 58, 59, 60, 61, 63]), step_length=0.0, relative_step_length=0.0, n_evals_per_point=1, n_evals_acceptance=1), State(trustregion=Region(center=array([9.00625]), radius=0.8187500000000001, bounds=Bounds(lower=array([1.1]), upper=array([20.]))), model_indices=array([ 0,  2, 62, 64, 65, 66]), model=ScalarModel(intercept=0.6110578608173622, linear_terms=array([0.00913449]), square_terms=array([[0.06764496]]), scale=0.8187500000000001, shift=array([9.00625])), vector_model=VectorModel(intercepts=array([ 0.04076111,  0.102925  ,  0.11806784,  0.15538123,  0.17398325,
        0.1839641 ,  0.18457129,  0.01884088, -0.12726088, -0.11646905,
       -0.4636887 , -0.47394096, -0.08850554, -0.06167029, -0.04881896,
       -0.045171  , -0.03468307]), linear_terms=array([[0.],
       [0.],
       [0.],
       [0.],
       [0.],
       [0.],
       [0.],
       [0.],
       [0.],
       [0.],
       [0.],
       [0.],
       [0.],
       [0.],
       [0.],
       [0.],
       [0.]]), square_terms=array([[[0.]],

       [[0.]],

       [[0.]],

       [[0.]],

       [[0.]],

       [[0.]],

       [[0.]],

       [[0.]],

       [[0.]],

       [[0.]],

       [[0.]],

       [[0.]],

       [[0.]],

       [[0.]],

       [[0.]],

       [[0.]],

       [[0.]]]), scale=0.8187500000000001, shift=array([8.1875])), candidate_index=67, candidate_x=array([8.89568941]), index=65, x=array([9.00625]), fval=0.6107771518854062, rho=-0.7725003587750462, accepted=False, new_indices=array([], dtype=int32), old_indices_used=array([ 0,  2, 62, 64, 65, 66]), old_indices_discarded=array([ 1,  3,  4,  5,  6,  7,  8,  9, 10, 11, 12, 13, 14, 15, 16, 17, 18,
       19, 20, 21, 22, 23, 24, 25, 26, 27, 28, 29, 30, 31, 32, 33, 34, 35,
       36, 37, 38, 39, 40, 41, 42, 43, 44, 45, 46, 47, 48, 49, 50, 51, 52,
       53, 54, 55, 56, 57, 58, 59, 60, 61, 63]), step_length=0.0, relative_step_length=0.0, n_evals_per_point=1, n_evals_acceptance=1), State(trustregion=Region(center=array([9.00625]), radius=0.40937500000000004, bounds=Bounds(lower=array([1.1]), upper=array([20.]))), model_indices=array([ 2, 64, 65, 66, 67, 68]), model=ScalarModel(intercept=0.6110370276483508, linear_terms=array([0.00295933]), square_terms=array([[0.01621299]]), scale=0.40937500000000004, shift=array([9.00625])), vector_model=VectorModel(intercepts=array([ 0.04076111,  0.102925  ,  0.11806784,  0.15538123,  0.17398325,
        0.1839641 ,  0.18457129,  0.01884088, -0.12726088, -0.11646905,
       -0.4636887 , -0.47394096, -0.08850554, -0.06167029, -0.04881896,
       -0.045171  , -0.03468307]), linear_terms=array([[0.],
       [0.],
       [0.],
       [0.],
       [0.],
       [0.],
       [0.],
       [0.],
       [0.],
       [0.],
       [0.],
       [0.],
       [0.],
       [0.],
       [0.],
       [0.],
       [0.]]), square_terms=array([[[0.]],

       [[0.]],

       [[0.]],

       [[0.]],

       [[0.]],

       [[0.]],

       [[0.]],

       [[0.]],

       [[0.]],

       [[0.]],

       [[0.]],

       [[0.]],

       [[0.]],

       [[0.]],

       [[0.]],

       [[0.]],

       [[0.]]]), scale=0.8187500000000001, shift=array([8.1875])), candidate_index=69, candidate_x=array([8.93152759]), index=65, x=array([9.00625]), fval=0.6107771518854062, rho=-1.0806585725715567, accepted=False, new_indices=array([68]), old_indices_used=array([ 2, 64, 65, 66, 67]), old_indices_discarded=array([ 0,  1,  3,  4,  5,  6,  7,  8,  9, 10, 11, 12, 13, 14, 15, 16, 17,
       18, 19, 20, 21, 22, 23, 24, 25, 26, 27, 28, 29, 30, 31, 32, 33, 34,
       35, 36, 37, 38, 39, 40, 41, 42, 43, 44, 45, 46, 47, 48, 49, 50, 51,
       52, 53, 54, 55, 56, 57, 58, 59, 60, 61, 62, 63]), step_length=0.0, relative_step_length=0.0, n_evals_per_point=1, n_evals_acceptance=1), State(trustregion=Region(center=array([9.00625]), radius=0.20468750000000002, bounds=Bounds(lower=array([1.1]), upper=array([20.]))), model_indices=array([ 2, 65, 66, 67, 69, 70]), model=ScalarModel(intercept=0.6108363339200009, linear_terms=array([0.0004065]), square_terms=array([[0.00400536]]), scale=0.20468750000000002, shift=array([9.00625])), vector_model=VectorModel(intercepts=array([ 0.04076111,  0.102925  ,  0.11806784,  0.15538123,  0.17398325,
        0.1839641 ,  0.18457129,  0.01884088, -0.12726088, -0.11646905,
       -0.4636887 , -0.47394096, -0.08850554, -0.06167029, -0.04881896,
       -0.045171  , -0.03468307]), linear_terms=array([[0.],
       [0.],
       [0.],
       [0.],
       [0.],
       [0.],
       [0.],
       [0.],
       [0.],
       [0.],
       [0.],
       [0.],
       [0.],
       [0.],
       [0.],
       [0.],
       [0.]]), square_terms=array([[[0.]],

       [[0.]],

       [[0.]],

       [[0.]],

       [[0.]],

       [[0.]],

       [[0.]],

       [[0.]],

       [[0.]],

       [[0.]],

       [[0.]],

       [[0.]],

       [[0.]],

       [[0.]],

       [[0.]],

       [[0.]],

       [[0.]]]), scale=0.8187500000000001, shift=array([8.1875])), candidate_index=71, candidate_x=array([8.9854767]), index=65, x=array([9.00625]), fval=0.6107771518854062, rho=-6.165060121089346, accepted=False, new_indices=array([70]), old_indices_used=array([ 2, 65, 66, 67, 69]), old_indices_discarded=array([ 0,  5,  8, 10, 12, 15, 18, 19, 20, 22, 27, 31, 33, 34, 35, 40, 42,
       43, 45, 46, 47, 49, 50, 53, 54, 55, 56, 59, 62, 64, 68]), step_length=0.0, relative_step_length=0.0, n_evals_per_point=1, n_evals_acceptance=1), State(trustregion=Region(center=array([9.00625]), radius=0.10234375000000001, bounds=Bounds(lower=array([1.1]), upper=array([20.]))), model_indices=array([ 2, 64, 65, 69, 71, 72]), model=ScalarModel(intercept=0.6109004555477282, linear_terms=array([0.00037158]), square_terms=array([[0.00098795]]), scale=0.10234375000000001, shift=array([9.00625])), vector_model=VectorModel(intercepts=array([ 0.04076111,  0.102925  ,  0.11806784,  0.15538123,  0.17398325,
        0.1839641 ,  0.18457129,  0.01884088, -0.12726088, -0.11646905,
       -0.4636887 , -0.47394096, -0.08850554, -0.06167029, -0.04881896,
       -0.045171  , -0.03468307]), linear_terms=array([[0.],
       [0.],
       [0.],
       [0.],
       [0.],
       [0.],
       [0.],
       [0.],
       [0.],
       [0.],
       [0.],
       [0.],
       [0.],
       [0.],
       [0.],
       [0.],
       [0.]]), square_terms=array([[[0.]],

       [[0.]],

       [[0.]],

       [[0.]],

       [[0.]],

       [[0.]],

       [[0.]],

       [[0.]],

       [[0.]],

       [[0.]],

       [[0.]],

       [[0.]],

       [[0.]],

       [[0.]],

       [[0.]],

       [[0.]],

       [[0.]]]), scale=0.8187500000000001, shift=array([8.1875])), candidate_index=73, candidate_x=array([8.96775691]), index=65, x=array([9.00625]), fval=0.6107771518854062, rho=-2.8476389389137635, accepted=False, new_indices=array([72]), old_indices_used=array([ 2, 64, 65, 69, 71]), old_indices_discarded=array([ 5,  8, 10, 12, 15, 18, 19, 20, 22, 27, 31, 33, 34, 35, 40, 42, 43,
       45, 46, 47, 49, 50, 53, 54, 55, 56, 59, 62, 66, 67, 68, 70]), step_length=0.0, relative_step_length=0.0, n_evals_per_point=1, n_evals_acceptance=1), State(trustregion=Region(center=array([9.00625]), radius=0.051171875000000006, bounds=Bounds(lower=array([1.1]), upper=array([20.]))), model_indices=array([ 2, 62, 64, 65, 71, 73]), model=ScalarModel(intercept=0.610780335468895, linear_terms=array([-0.00018563]), square_terms=array([[0.00025196]]), scale=0.051171875000000006, shift=array([9.00625])), vector_model=VectorModel(intercepts=array([ 0.04076111,  0.102925  ,  0.11806784,  0.15538123,  0.17398325,
        0.1839641 ,  0.18457129,  0.01884088, -0.12726088, -0.11646905,
       -0.4636887 , -0.47394096, -0.08850554, -0.06167029, -0.04881896,
       -0.045171  , -0.03468307]), linear_terms=array([[0.],
       [0.],
       [0.],
       [0.],
       [0.],
       [0.],
       [0.],
       [0.],
       [0.],
       [0.],
       [0.],
       [0.],
       [0.],
       [0.],
       [0.],
       [0.],
       [0.]]), square_terms=array([[[0.]],

       [[0.]],

       [[0.]],

       [[0.]],

       [[0.]],

       [[0.]],

       [[0.]],

       [[0.]],

       [[0.]],

       [[0.]],

       [[0.]],

       [[0.]],

       [[0.]],

       [[0.]],

       [[0.]],

       [[0.]],

       [[0.]]]), scale=0.8187500000000001, shift=array([8.1875])), candidate_index=74, candidate_x=array([9.05742187]), index=65, x=array([9.00625]), fval=0.6107771518854062, rho=-5.995125578959277, accepted=False, new_indices=array([], dtype=int32), old_indices_used=array([ 2, 62, 64, 65, 71, 73]), old_indices_discarded=array([ 5,  8, 10, 12, 15, 18, 19, 20, 22, 27, 31, 33, 34, 35, 40, 42, 43,
       45, 46, 47, 49, 50, 53, 54, 55, 56, 59, 66, 67, 69, 70, 72]), step_length=0.0, relative_step_length=0.0, n_evals_per_point=1, n_evals_acceptance=1), State(trustregion=Region(center=array([9.00625]), radius=0.025585937500000003, bounds=Bounds(lower=array([1.1]), upper=array([20.]))), model_indices=array([ 2, 59, 62, 64, 65, 71]), model=ScalarModel(intercept=0.6107771518854066, linear_terms=array([-0.00013078]), square_terms=array([[6.36785335e-05]]), scale=0.025585937500000003, shift=array([9.00625])), vector_model=VectorModel(intercepts=array([ 0.04076111,  0.102925  ,  0.11806784,  0.15538123,  0.17398325,
        0.1839641 ,  0.18457129,  0.01884088, -0.12726088, -0.11646905,
       -0.4636887 , -0.47394096, -0.08850554, -0.06167029, -0.04881896,
       -0.045171  , -0.03468307]), linear_terms=array([[0.],
       [0.],
       [0.],
       [0.],
       [0.],
       [0.],
       [0.],
       [0.],
       [0.],
       [0.],
       [0.],
       [0.],
       [0.],
       [0.],
       [0.],
       [0.],
       [0.]]), square_terms=array([[[0.]],

       [[0.]],

       [[0.]],

       [[0.]],

       [[0.]],

       [[0.]],

       [[0.]],

       [[0.]],

       [[0.]],

       [[0.]],

       [[0.]],

       [[0.]],

       [[0.]],

       [[0.]],

       [[0.]],

       [[0.]],

       [[0.]]]), scale=0.8187500000000001, shift=array([8.1875])), candidate_index=75, candidate_x=array([9.03183594]), index=65, x=array([9.00625]), fval=0.6107771518854062, rho=-1.196499316969883, accepted=False, new_indices=array([], dtype=int32), old_indices_used=array([ 2, 59, 62, 64, 65, 71]), old_indices_discarded=array([ 5,  8, 10, 12, 15, 18, 19, 20, 22, 27, 31, 33, 34, 35, 40, 42, 43,
       45, 46, 47, 49, 50, 53, 54, 55, 56, 67, 69, 72, 73, 74]), step_length=0.0, relative_step_length=0.0, n_evals_per_point=1, n_evals_acceptance=1), State(trustregion=Region(center=array([9.00625]), radius=0.012792968750000001, bounds=Bounds(lower=array([1.1]), upper=array([20.]))), model_indices=array([ 2, 59, 62, 64, 65, 76]), model=ScalarModel(intercept=0.6107771518854069, linear_terms=array([8.71730006e-05]), square_terms=array([[1.56902126e-05]]), scale=0.012792968750000001, shift=array([9.00625])), vector_model=VectorModel(intercepts=array([ 0.04076111,  0.102925  ,  0.11806784,  0.15538123,  0.17398325,
        0.1839641 ,  0.18457129,  0.01884088, -0.12726088, -0.11646905,
       -0.4636887 , -0.47394096, -0.08850554, -0.06167029, -0.04881896,
       -0.045171  , -0.03468307]), linear_terms=array([[0.],
       [0.],
       [0.],
       [0.],
       [0.],
       [0.],
       [0.],
       [0.],
       [0.],
       [0.],
       [0.],
       [0.],
       [0.],
       [0.],
       [0.],
       [0.],
       [0.]]), square_terms=array([[[0.]],

       [[0.]],

       [[0.]],

       [[0.]],

       [[0.]],

       [[0.]],

       [[0.]],

       [[0.]],

       [[0.]],

       [[0.]],

       [[0.]],

       [[0.]],

       [[0.]],

       [[0.]],

       [[0.]],

       [[0.]],

       [[0.]]]), scale=0.8187500000000001, shift=array([8.1875])), candidate_index=77, candidate_x=array([8.99345703]), index=65, x=array([9.00625]), fval=0.6107771518854062, rho=-0.33772545500618883, accepted=False, new_indices=array([76]), old_indices_used=array([ 2, 59, 62, 64, 65]), old_indices_discarded=array([ 5,  8, 10, 12, 15, 18, 19, 20, 22, 27, 31, 33, 34, 35, 40, 42, 43,
       45, 46, 47, 49, 50, 53, 54, 55, 56, 71, 73, 74, 75]), step_length=0.0, relative_step_length=0.0, n_evals_per_point=1, n_evals_acceptance=1), State(trustregion=Region(center=array([9.00625]), radius=0.006396484375000001, bounds=Bounds(lower=array([1.1]), upper=array([20.]))), model_indices=array([ 2, 59, 62, 64, 65, 78]), model=ScalarModel(intercept=0.6107771518854068, linear_terms=array([3.06490098e-06]), square_terms=array([[3.99916954e-06]]), scale=0.006396484375000001, shift=array([9.00625])), vector_model=VectorModel(intercepts=array([ 0.04076111,  0.102925  ,  0.11806784,  0.15538123,  0.17398325,
        0.1839641 ,  0.18457129,  0.01884088, -0.12726088, -0.11646905,
       -0.4636887 , -0.47394096, -0.08850554, -0.06167029, -0.04881896,
       -0.045171  , -0.03468307]), linear_terms=array([[0.],
       [0.],
       [0.],
       [0.],
       [0.],
       [0.],
       [0.],
       [0.],
       [0.],
       [0.],
       [0.],
       [0.],
       [0.],
       [0.],
       [0.],
       [0.],
       [0.]]), square_terms=array([[[0.]],

       [[0.]],

       [[0.]],

       [[0.]],

       [[0.]],

       [[0.]],

       [[0.]],

       [[0.]],

       [[0.]],

       [[0.]],

       [[0.]],

       [[0.]],

       [[0.]],

       [[0.]],

       [[0.]],

       [[0.]],

       [[0.]]]), scale=0.8187500000000001, shift=array([8.1875])), candidate_index=79, candidate_x=array([8.99985352]), index=79, x=array([8.99985352]), fval=0.6107760865691982, rho=0.9999999997915693, accepted=True, new_indices=array([78]), old_indices_used=array([ 2, 59, 62, 64, 65]), old_indices_discarded=array([ 5,  8, 10, 12, 15, 18, 19, 20, 22, 27, 31, 33, 34, 35, 40, 42, 43,
       45, 46, 47, 49, 50, 53, 54, 55, 56, 71, 75, 76, 77]), step_length=0.0063964843749992895, relative_step_length=0.9999999999998888, n_evals_per_point=1, n_evals_acceptance=1), State(trustregion=Region(center=array([8.99985352]), radius=0.012792968750000001, bounds=Bounds(lower=array([1.1]), upper=array([20.]))), model_indices=array([ 2, 64, 65, 77, 78, 79]), model=ScalarModel(intercept=0.6107835516733781, linear_terms=array([-2.17947458e-05]), square_terms=array([[1.60994206e-05]]), scale=0.012792968750000001, shift=array([8.99985352])), vector_model=VectorModel(intercepts=array([ 0.04076111,  0.102925  ,  0.11806784,  0.15538123,  0.17398325,
        0.1839641 ,  0.18457129,  0.01884088, -0.12726088, -0.11646905,
       -0.4636887 , -0.47394096, -0.08850554, -0.06167029, -0.04881896,
       -0.045171  , -0.03468307]), linear_terms=array([[0.],
       [0.],
       [0.],
       [0.],
       [0.],
       [0.],
       [0.],
       [0.],
       [0.],
       [0.],
       [0.],
       [0.],
       [0.],
       [0.],
       [0.],
       [0.],
       [0.]]), square_terms=array([[[0.]],

       [[0.]],

       [[0.]],

       [[0.]],

       [[0.]],

       [[0.]],

       [[0.]],

       [[0.]],

       [[0.]],

       [[0.]],

       [[0.]],

       [[0.]],

       [[0.]],

       [[0.]],

       [[0.]],

       [[0.]],

       [[0.]]]), scale=0.8187500000000001, shift=array([8.1875])), candidate_index=80, candidate_x=array([9.01264648]), index=80, x=array([9.01264648]), fval=0.6107561848843418, rho=1.4479180369509626, accepted=True, new_indices=array([], dtype=int32), old_indices_used=array([ 2, 64, 65, 77, 78, 79]), old_indices_discarded=array([ 5,  8, 10, 12, 15, 18, 19, 20, 22, 27, 31, 33, 34, 35, 40, 42, 43,
       45, 46, 47, 49, 50, 53, 54, 55, 56, 59, 62, 71, 73, 74, 75, 76]), step_length=0.012792968750000355, relative_step_length=1.0000000000000278, n_evals_per_point=1, n_evals_acceptance=1), State(trustregion=Region(center=array([9.01264648]), radius=0.025585937500000003, bounds=Bounds(lower=array([1.1]), upper=array([20.]))), model_indices=array([ 2, 75, 76, 77, 78, 80]), model=ScalarModel(intercept=0.6108121308452248, linear_terms=array([7.65736546e-05]), square_terms=array([[6.20481219e-05]]), scale=0.025585937500000003, shift=array([9.01264648])), vector_model=VectorModel(intercepts=array([ 0.04076111,  0.102925  ,  0.11806784,  0.15538123,  0.17398325,
        0.1839641 ,  0.18457129,  0.01884088, -0.12726088, -0.11646905,
       -0.4636887 , -0.47394096, -0.08850554, -0.06167029, -0.04881896,
       -0.045171  , -0.03468307]), linear_terms=array([[0.],
       [0.],
       [0.],
       [0.],
       [0.],
       [0.],
       [0.],
       [0.],
       [0.],
       [0.],
       [0.],
       [0.],
       [0.],
       [0.],
       [0.],
       [0.],
       [0.]]), square_terms=array([[[0.]],

       [[0.]],

       [[0.]],

       [[0.]],

       [[0.]],

       [[0.]],

       [[0.]],

       [[0.]],

       [[0.]],

       [[0.]],

       [[0.]],

       [[0.]],

       [[0.]],

       [[0.]],

       [[0.]],

       [[0.]],

       [[0.]]]), scale=0.8187500000000001, shift=array([8.1875])), candidate_index=81, candidate_x=array([8.98706055]), index=80, x=array([9.01264648]), fval=0.6107561848843418, rho=-3.1152053242785813, accepted=False, new_indices=array([], dtype=int32), old_indices_used=array([ 2, 75, 76, 77, 78, 80]), old_indices_discarded=array([ 5,  8, 10, 12, 15, 18, 19, 20, 22, 27, 31, 33, 34, 35, 40, 42, 43,
       45, 46, 47, 49, 50, 53, 54, 55, 56, 59, 62, 64, 65, 67, 69, 71, 72,
       73, 74, 79]), step_length=0.0, relative_step_length=0.0, n_evals_per_point=1, n_evals_acceptance=1), State(trustregion=Region(center=array([9.01264648]), radius=0.012792968750000001, bounds=Bounds(lower=array([1.1]), upper=array([20.]))), model_indices=array([ 2, 62, 64, 65, 76, 80]), model=ScalarModel(intercept=0.6108068615713852, linear_terms=array([7.60518439e-05]), square_terms=array([[1.57848831e-05]]), scale=0.012792968750000001, shift=array([9.01264648])), vector_model=VectorModel(intercepts=array([ 0.04076111,  0.102925  ,  0.11806784,  0.15538123,  0.17398325,
        0.1839641 ,  0.18457129,  0.01884088, -0.12726088, -0.11646905,
       -0.4636887 , -0.47394096, -0.08850554, -0.06167029, -0.04881896,
       -0.045171  , -0.03468307]), linear_terms=array([[0.],
       [0.],
       [0.],
       [0.],
       [0.],
       [0.],
       [0.],
       [0.],
       [0.],
       [0.],
       [0.],
       [0.],
       [0.],
       [0.],
       [0.],
       [0.],
       [0.]]), square_terms=array([[[0.]],

       [[0.]],

       [[0.]],

       [[0.]],

       [[0.]],

       [[0.]],

       [[0.]],

       [[0.]],

       [[0.]],

       [[0.]],

       [[0.]],

       [[0.]],

       [[0.]],

       [[0.]],

       [[0.]],

       [[0.]],

       [[0.]]]), scale=0.8187500000000001, shift=array([8.1875])), candidate_index=82, candidate_x=array([8.99985352]), index=80, x=array([9.01264648]), fval=0.6107561848843418, rho=-0.2919873733738183, accepted=False, new_indices=array([], dtype=int32), old_indices_used=array([ 2, 62, 64, 65, 76, 80]), old_indices_discarded=array([ 5,  8, 10, 12, 15, 18, 19, 20, 22, 27, 31, 33, 34, 35, 40, 42, 43,
       45, 46, 47, 49, 50, 53, 54, 55, 56, 59, 71, 73, 74, 75, 77, 78, 79,
       81]), step_length=0.0, relative_step_length=0.0, n_evals_per_point=1, n_evals_acceptance=1), State(trustregion=Region(center=array([9.01264648]), radius=0.006396484375000001, bounds=Bounds(lower=array([1.1]), upper=array([20.]))), model_indices=array([59, 62, 64, 65, 76, 80]), model=ScalarModel(intercept=0.6108068615713854, linear_terms=array([3.80259219e-05]), square_terms=array([[3.94622078e-06]]), scale=0.006396484375000001, shift=array([9.01264648])), vector_model=VectorModel(intercepts=array([ 0.04076111,  0.102925  ,  0.11806784,  0.15538123,  0.17398325,
        0.1839641 ,  0.18457129,  0.01884088, -0.12726088, -0.11646905,
       -0.4636887 , -0.47394096, -0.08850554, -0.06167029, -0.04881896,
       -0.045171  , -0.03468307]), linear_terms=array([[0.],
       [0.],
       [0.],
       [0.],
       [0.],
       [0.],
       [0.],
       [0.],
       [0.],
       [0.],
       [0.],
       [0.],
       [0.],
       [0.],
       [0.],
       [0.],
       [0.]]), square_terms=array([[[0.]],

       [[0.]],

       [[0.]],

       [[0.]],

       [[0.]],

       [[0.]],

       [[0.]],

       [[0.]],

       [[0.]],

       [[0.]],

       [[0.]],

       [[0.]],

       [[0.]],

       [[0.]],

       [[0.]],

       [[0.]],

       [[0.]]]), scale=0.8187500000000001, shift=array([8.1875])), candidate_index=83, candidate_x=array([9.00625]), index=80, x=array([9.01264648]), fval=0.6107561848843418, rho=-0.5815635496631938, accepted=False, new_indices=array([], dtype=int32), old_indices_used=array([59, 62, 64, 65, 76, 80]), old_indices_discarded=array([ 2,  5,  8, 10, 12, 15, 18, 19, 20, 22, 27, 31, 33, 34, 35, 40, 42,
       43, 45, 46, 47, 49, 50, 53, 54, 55, 56, 71, 75, 77, 78, 79, 81, 82]), step_length=0.0, relative_step_length=0.0, n_evals_per_point=1, n_evals_acceptance=1), State(trustregion=Region(center=array([9.01264648]), radius=0.0031982421875000003, bounds=Bounds(lower=array([1.1]), upper=array([20.]))), model_indices=array([62, 64, 65, 76, 80, 83]), model=ScalarModel(intercept=0.6108068615713844, linear_terms=array([1.9012961e-05]), square_terms=array([[9.86555195e-07]]), scale=0.0031982421875000003, shift=array([9.01264648])), vector_model=VectorModel(intercepts=array([ 0.04076111,  0.102925  ,  0.11806784,  0.15538123,  0.17398325,
        0.1839641 ,  0.18457129,  0.01884088, -0.12726088, -0.11646905,
       -0.4636887 , -0.47394096, -0.08850554, -0.06167029, -0.04881896,
       -0.045171  , -0.03468307]), linear_terms=array([[0.],
       [0.],
       [0.],
       [0.],
       [0.],
       [0.],
       [0.],
       [0.],
       [0.],
       [0.],
       [0.],
       [0.],
       [0.],
       [0.],
       [0.],
       [0.],
       [0.]]), square_terms=array([[[0.]],

       [[0.]],

       [[0.]],

       [[0.]],

       [[0.]],

       [[0.]],

       [[0.]],

       [[0.]],

       [[0.]],

       [[0.]],

       [[0.]],

       [[0.]],

       [[0.]],

       [[0.]],

       [[0.]],

       [[0.]],

       [[0.]]]), scale=0.8187500000000001, shift=array([8.1875])), candidate_index=84, candidate_x=array([9.00944824]), index=84, x=array([9.00944824]), fval=0.6107557114718586, rho=0.025562666145676052, accepted=True, new_indices=array([], dtype=int32), old_indices_used=array([62, 64, 65, 76, 80, 83]), old_indices_discarded=array([ 2,  5,  8, 10, 12, 15, 18, 19, 20, 22, 27, 31, 33, 34, 35, 40, 42,
       43, 45, 46, 47, 49, 50, 53, 54, 55, 56, 59, 78, 79, 82]), step_length=0.0031982421874996447, relative_step_length=0.9999999999998888, n_evals_per_point=1, n_evals_acceptance=1)], 'tranquilo_history': History for least_squares function with 85 entries., 'multistart_info': {'start_parameters': [array([8.1875])], 'local_optima': [{'solution_x': array([9.00944824]), 'solution_criterion': 0.6107557114718586, 'states': [State(trustregion=Region(center=array([8.1875]), radius=0.8187500000000001, bounds=Bounds(lower=array([1.1]), upper=array([20.]))), model_indices=[0], model=ScalarModel(intercept=0.6355235662304911, linear_terms=array([0.]), square_terms=array([[0.]]), scale=0.8187500000000001, shift=array([8.1875])), vector_model=VectorModel(intercepts=array([ 0.04076111,  0.102925  ,  0.11806784,  0.15538123,  0.17398325,
        0.1839641 ,  0.18457129,  0.01884088, -0.12726088, -0.11646905,
       -0.4636887 , -0.47394096, -0.08850554, -0.06167029, -0.04881896,
       -0.045171  , -0.03468307]), linear_terms=array([[0.],
       [0.],
       [0.],
       [0.],
       [0.],
       [0.],
       [0.],
       [0.],
       [0.],
       [0.],
       [0.],
       [0.],
       [0.],
       [0.],
       [0.],
       [0.],
       [0.]]), square_terms=array([[[0.]],

       [[0.]],

       [[0.]],

       [[0.]],

       [[0.]],

       [[0.]],

       [[0.]],

       [[0.]],

       [[0.]],

       [[0.]],

       [[0.]],

       [[0.]],

       [[0.]],

       [[0.]],

       [[0.]],

       [[0.]],

       [[0.]]]), scale=0.8187500000000001, shift=array([8.1875])), candidate_index=0, candidate_x=array([8.1875]), index=0, x=array([8.1875]), fval=0.6355235662304912, rho=nan, accepted=True, new_indices=[0], old_indices_used=[], old_indices_discarded=[], step_length=None, relative_step_length=None, n_evals_per_point=None, n_evals_acceptance=None), State(trustregion=Region(center=array([8.1875]), radius=0.8187500000000001, bounds=Bounds(lower=array([1.1]), upper=array([20.]))), model_indices=array([ 0,  1,  2,  3,  4,  5,  6,  7,  8,  9, 10, 11, 12, 13, 14, 15, 16,
       17, 18, 19, 20, 21, 22, 23, 24, 25, 26, 27, 28, 29, 30, 31, 32, 33,
       34, 35, 36, 37, 38, 39, 40, 41, 42, 43, 44, 45, 46, 47, 48, 49, 50,
       51, 52, 53, 54, 55, 56, 57, 58, 59, 60, 61, 62, 63, 64]), model=ScalarModel(intercept=0.6318510574458307, linear_terms=array([-0.05718764]), square_terms=array([[0.07242827]]), scale=0.8187500000000001, shift=array([8.1875])), vector_model=VectorModel(intercepts=array([ 0.04076111,  0.102925  ,  0.11806784,  0.15538123,  0.17398325,
        0.1839641 ,  0.18457129,  0.01884088, -0.12726088, -0.11646905,
       -0.4636887 , -0.47394096, -0.08850554, -0.06167029, -0.04881896,
       -0.045171  , -0.03468307]), linear_terms=array([[0.],
       [0.],
       [0.],
       [0.],
       [0.],
       [0.],
       [0.],
       [0.],
       [0.],
       [0.],
       [0.],
       [0.],
       [0.],
       [0.],
       [0.],
       [0.],
       [0.]]), square_terms=array([[[0.]],

       [[0.]],

       [[0.]],

       [[0.]],

       [[0.]],

       [[0.]],

       [[0.]],

       [[0.]],

       [[0.]],

       [[0.]],

       [[0.]],

       [[0.]],

       [[0.]],

       [[0.]],

       [[0.]],

       [[0.]],

       [[0.]]]), scale=0.8187500000000001, shift=array([8.1875])), candidate_index=65, candidate_x=array([9.00625]), index=65, x=array([9.00625]), fval=0.6107771518854062, rho=1.1798891038745574, accepted=True, new_indices=array([ 1,  2,  3,  4,  5,  6,  7,  8,  9, 10, 11, 12, 13, 14, 15, 16, 17,
       18, 19, 20, 21, 22, 23, 24, 25, 26, 27, 28, 29, 30, 31, 32, 33, 34,
       35, 36, 37, 38, 39, 40, 41, 42, 43, 44, 45, 46, 47, 48, 49, 50, 51,
       52, 53, 54, 55, 56, 57, 58, 59, 60, 61, 62, 63, 64]), old_indices_used=array([0]), old_indices_discarded=array([], dtype=int32), step_length=0.8187499999999996, relative_step_length=0.9999999999999994, n_evals_per_point=1, n_evals_acceptance=1), State(trustregion=Region(center=array([9.00625]), radius=1.6375000000000002, bounds=Bounds(lower=array([1.1]), upper=array([20.]))), model_indices=array([ 0,  1,  2, 62, 64, 65]), model=ScalarModel(intercept=0.6113606650159199, linear_terms=array([0.0291096]), square_terms=array([[0.28685788]]), scale=1.6375000000000002, shift=array([9.00625])), vector_model=VectorModel(intercepts=array([ 0.04076111,  0.102925  ,  0.11806784,  0.15538123,  0.17398325,
        0.1839641 ,  0.18457129,  0.01884088, -0.12726088, -0.11646905,
       -0.4636887 , -0.47394096, -0.08850554, -0.06167029, -0.04881896,
       -0.045171  , -0.03468307]), linear_terms=array([[0.],
       [0.],
       [0.],
       [0.],
       [0.],
       [0.],
       [0.],
       [0.],
       [0.],
       [0.],
       [0.],
       [0.],
       [0.],
       [0.],
       [0.],
       [0.],
       [0.]]), square_terms=array([[[0.]],

       [[0.]],

       [[0.]],

       [[0.]],

       [[0.]],

       [[0.]],

       [[0.]],

       [[0.]],

       [[0.]],

       [[0.]],

       [[0.]],

       [[0.]],

       [[0.]],

       [[0.]],

       [[0.]],

       [[0.]],

       [[0.]]]), scale=0.8187500000000001, shift=array([8.1875])), candidate_index=66, candidate_x=array([8.84008073]), index=65, x=array([9.00625]), fval=0.6107771518854062, rho=-0.790783384764551, accepted=False, new_indices=array([], dtype=int32), old_indices_used=array([ 0,  1,  2, 62, 64, 65]), old_indices_discarded=array([ 3,  4,  5,  6,  7,  8,  9, 10, 11, 12, 13, 14, 15, 16, 17, 18, 19,
       20, 21, 22, 23, 24, 25, 26, 27, 28, 29, 30, 31, 32, 33, 34, 35, 36,
       37, 38, 39, 40, 41, 42, 43, 44, 45, 46, 47, 48, 49, 50, 51, 52, 53,
       54, 55, 56, 57, 58, 59, 60, 61, 63]), step_length=0.0, relative_step_length=0.0, n_evals_per_point=1, n_evals_acceptance=1), State(trustregion=Region(center=array([9.00625]), radius=0.8187500000000001, bounds=Bounds(lower=array([1.1]), upper=array([20.]))), model_indices=array([ 0,  2, 62, 64, 65, 66]), model=ScalarModel(intercept=0.6110578608173622, linear_terms=array([0.00913449]), square_terms=array([[0.06764496]]), scale=0.8187500000000001, shift=array([9.00625])), vector_model=VectorModel(intercepts=array([ 0.04076111,  0.102925  ,  0.11806784,  0.15538123,  0.17398325,
        0.1839641 ,  0.18457129,  0.01884088, -0.12726088, -0.11646905,
       -0.4636887 , -0.47394096, -0.08850554, -0.06167029, -0.04881896,
       -0.045171  , -0.03468307]), linear_terms=array([[0.],
       [0.],
       [0.],
       [0.],
       [0.],
       [0.],
       [0.],
       [0.],
       [0.],
       [0.],
       [0.],
       [0.],
       [0.],
       [0.],
       [0.],
       [0.],
       [0.]]), square_terms=array([[[0.]],

       [[0.]],

       [[0.]],

       [[0.]],

       [[0.]],

       [[0.]],

       [[0.]],

       [[0.]],

       [[0.]],

       [[0.]],

       [[0.]],

       [[0.]],

       [[0.]],

       [[0.]],

       [[0.]],

       [[0.]],

       [[0.]]]), scale=0.8187500000000001, shift=array([8.1875])), candidate_index=67, candidate_x=array([8.89568941]), index=65, x=array([9.00625]), fval=0.6107771518854062, rho=-0.7725003587750462, accepted=False, new_indices=array([], dtype=int32), old_indices_used=array([ 0,  2, 62, 64, 65, 66]), old_indices_discarded=array([ 1,  3,  4,  5,  6,  7,  8,  9, 10, 11, 12, 13, 14, 15, 16, 17, 18,
       19, 20, 21, 22, 23, 24, 25, 26, 27, 28, 29, 30, 31, 32, 33, 34, 35,
       36, 37, 38, 39, 40, 41, 42, 43, 44, 45, 46, 47, 48, 49, 50, 51, 52,
       53, 54, 55, 56, 57, 58, 59, 60, 61, 63]), step_length=0.0, relative_step_length=0.0, n_evals_per_point=1, n_evals_acceptance=1), State(trustregion=Region(center=array([9.00625]), radius=0.40937500000000004, bounds=Bounds(lower=array([1.1]), upper=array([20.]))), model_indices=array([ 2, 64, 65, 66, 67, 68]), model=ScalarModel(intercept=0.6110370276483508, linear_terms=array([0.00295933]), square_terms=array([[0.01621299]]), scale=0.40937500000000004, shift=array([9.00625])), vector_model=VectorModel(intercepts=array([ 0.04076111,  0.102925  ,  0.11806784,  0.15538123,  0.17398325,
        0.1839641 ,  0.18457129,  0.01884088, -0.12726088, -0.11646905,
       -0.4636887 , -0.47394096, -0.08850554, -0.06167029, -0.04881896,
       -0.045171  , -0.03468307]), linear_terms=array([[0.],
       [0.],
       [0.],
       [0.],
       [0.],
       [0.],
       [0.],
       [0.],
       [0.],
       [0.],
       [0.],
       [0.],
       [0.],
       [0.],
       [0.],
       [0.],
       [0.]]), square_terms=array([[[0.]],

       [[0.]],

       [[0.]],

       [[0.]],

       [[0.]],

       [[0.]],

       [[0.]],

       [[0.]],

       [[0.]],

       [[0.]],

       [[0.]],

       [[0.]],

       [[0.]],

       [[0.]],

       [[0.]],

       [[0.]],

       [[0.]]]), scale=0.8187500000000001, shift=array([8.1875])), candidate_index=69, candidate_x=array([8.93152759]), index=65, x=array([9.00625]), fval=0.6107771518854062, rho=-1.0806585725715567, accepted=False, new_indices=array([68]), old_indices_used=array([ 2, 64, 65, 66, 67]), old_indices_discarded=array([ 0,  1,  3,  4,  5,  6,  7,  8,  9, 10, 11, 12, 13, 14, 15, 16, 17,
       18, 19, 20, 21, 22, 23, 24, 25, 26, 27, 28, 29, 30, 31, 32, 33, 34,
       35, 36, 37, 38, 39, 40, 41, 42, 43, 44, 45, 46, 47, 48, 49, 50, 51,
       52, 53, 54, 55, 56, 57, 58, 59, 60, 61, 62, 63]), step_length=0.0, relative_step_length=0.0, n_evals_per_point=1, n_evals_acceptance=1), State(trustregion=Region(center=array([9.00625]), radius=0.20468750000000002, bounds=Bounds(lower=array([1.1]), upper=array([20.]))), model_indices=array([ 2, 65, 66, 67, 69, 70]), model=ScalarModel(intercept=0.6108363339200009, linear_terms=array([0.0004065]), square_terms=array([[0.00400536]]), scale=0.20468750000000002, shift=array([9.00625])), vector_model=VectorModel(intercepts=array([ 0.04076111,  0.102925  ,  0.11806784,  0.15538123,  0.17398325,
        0.1839641 ,  0.18457129,  0.01884088, -0.12726088, -0.11646905,
       -0.4636887 , -0.47394096, -0.08850554, -0.06167029, -0.04881896,
       -0.045171  , -0.03468307]), linear_terms=array([[0.],
       [0.],
       [0.],
       [0.],
       [0.],
       [0.],
       [0.],
       [0.],
       [0.],
       [0.],
       [0.],
       [0.],
       [0.],
       [0.],
       [0.],
       [0.],
       [0.]]), square_terms=array([[[0.]],

       [[0.]],

       [[0.]],

       [[0.]],

       [[0.]],

       [[0.]],

       [[0.]],

       [[0.]],

       [[0.]],

       [[0.]],

       [[0.]],

       [[0.]],

       [[0.]],

       [[0.]],

       [[0.]],

       [[0.]],

       [[0.]]]), scale=0.8187500000000001, shift=array([8.1875])), candidate_index=71, candidate_x=array([8.9854767]), index=65, x=array([9.00625]), fval=0.6107771518854062, rho=-6.165060121089346, accepted=False, new_indices=array([70]), old_indices_used=array([ 2, 65, 66, 67, 69]), old_indices_discarded=array([ 0,  5,  8, 10, 12, 15, 18, 19, 20, 22, 27, 31, 33, 34, 35, 40, 42,
       43, 45, 46, 47, 49, 50, 53, 54, 55, 56, 59, 62, 64, 68]), step_length=0.0, relative_step_length=0.0, n_evals_per_point=1, n_evals_acceptance=1), State(trustregion=Region(center=array([9.00625]), radius=0.10234375000000001, bounds=Bounds(lower=array([1.1]), upper=array([20.]))), model_indices=array([ 2, 64, 65, 69, 71, 72]), model=ScalarModel(intercept=0.6109004555477282, linear_terms=array([0.00037158]), square_terms=array([[0.00098795]]), scale=0.10234375000000001, shift=array([9.00625])), vector_model=VectorModel(intercepts=array([ 0.04076111,  0.102925  ,  0.11806784,  0.15538123,  0.17398325,
        0.1839641 ,  0.18457129,  0.01884088, -0.12726088, -0.11646905,
       -0.4636887 , -0.47394096, -0.08850554, -0.06167029, -0.04881896,
       -0.045171  , -0.03468307]), linear_terms=array([[0.],
       [0.],
       [0.],
       [0.],
       [0.],
       [0.],
       [0.],
       [0.],
       [0.],
       [0.],
       [0.],
       [0.],
       [0.],
       [0.],
       [0.],
       [0.],
       [0.]]), square_terms=array([[[0.]],

       [[0.]],

       [[0.]],

       [[0.]],

       [[0.]],

       [[0.]],

       [[0.]],

       [[0.]],

       [[0.]],

       [[0.]],

       [[0.]],

       [[0.]],

       [[0.]],

       [[0.]],

       [[0.]],

       [[0.]],

       [[0.]]]), scale=0.8187500000000001, shift=array([8.1875])), candidate_index=73, candidate_x=array([8.96775691]), index=65, x=array([9.00625]), fval=0.6107771518854062, rho=-2.8476389389137635, accepted=False, new_indices=array([72]), old_indices_used=array([ 2, 64, 65, 69, 71]), old_indices_discarded=array([ 5,  8, 10, 12, 15, 18, 19, 20, 22, 27, 31, 33, 34, 35, 40, 42, 43,
       45, 46, 47, 49, 50, 53, 54, 55, 56, 59, 62, 66, 67, 68, 70]), step_length=0.0, relative_step_length=0.0, n_evals_per_point=1, n_evals_acceptance=1), State(trustregion=Region(center=array([9.00625]), radius=0.051171875000000006, bounds=Bounds(lower=array([1.1]), upper=array([20.]))), model_indices=array([ 2, 62, 64, 65, 71, 73]), model=ScalarModel(intercept=0.610780335468895, linear_terms=array([-0.00018563]), square_terms=array([[0.00025196]]), scale=0.051171875000000006, shift=array([9.00625])), vector_model=VectorModel(intercepts=array([ 0.04076111,  0.102925  ,  0.11806784,  0.15538123,  0.17398325,
        0.1839641 ,  0.18457129,  0.01884088, -0.12726088, -0.11646905,
       -0.4636887 , -0.47394096, -0.08850554, -0.06167029, -0.04881896,
       -0.045171  , -0.03468307]), linear_terms=array([[0.],
       [0.],
       [0.],
       [0.],
       [0.],
       [0.],
       [0.],
       [0.],
       [0.],
       [0.],
       [0.],
       [0.],
       [0.],
       [0.],
       [0.],
       [0.],
       [0.]]), square_terms=array([[[0.]],

       [[0.]],

       [[0.]],

       [[0.]],

       [[0.]],

       [[0.]],

       [[0.]],

       [[0.]],

       [[0.]],

       [[0.]],

       [[0.]],

       [[0.]],

       [[0.]],

       [[0.]],

       [[0.]],

       [[0.]],

       [[0.]]]), scale=0.8187500000000001, shift=array([8.1875])), candidate_index=74, candidate_x=array([9.05742187]), index=65, x=array([9.00625]), fval=0.6107771518854062, rho=-5.995125578959277, accepted=False, new_indices=array([], dtype=int32), old_indices_used=array([ 2, 62, 64, 65, 71, 73]), old_indices_discarded=array([ 5,  8, 10, 12, 15, 18, 19, 20, 22, 27, 31, 33, 34, 35, 40, 42, 43,
       45, 46, 47, 49, 50, 53, 54, 55, 56, 59, 66, 67, 69, 70, 72]), step_length=0.0, relative_step_length=0.0, n_evals_per_point=1, n_evals_acceptance=1), State(trustregion=Region(center=array([9.00625]), radius=0.025585937500000003, bounds=Bounds(lower=array([1.1]), upper=array([20.]))), model_indices=array([ 2, 59, 62, 64, 65, 71]), model=ScalarModel(intercept=0.6107771518854066, linear_terms=array([-0.00013078]), square_terms=array([[6.36785335e-05]]), scale=0.025585937500000003, shift=array([9.00625])), vector_model=VectorModel(intercepts=array([ 0.04076111,  0.102925  ,  0.11806784,  0.15538123,  0.17398325,
        0.1839641 ,  0.18457129,  0.01884088, -0.12726088, -0.11646905,
       -0.4636887 , -0.47394096, -0.08850554, -0.06167029, -0.04881896,
       -0.045171  , -0.03468307]), linear_terms=array([[0.],
       [0.],
       [0.],
       [0.],
       [0.],
       [0.],
       [0.],
       [0.],
       [0.],
       [0.],
       [0.],
       [0.],
       [0.],
       [0.],
       [0.],
       [0.],
       [0.]]), square_terms=array([[[0.]],

       [[0.]],

       [[0.]],

       [[0.]],

       [[0.]],

       [[0.]],

       [[0.]],

       [[0.]],

       [[0.]],

       [[0.]],

       [[0.]],

       [[0.]],

       [[0.]],

       [[0.]],

       [[0.]],

       [[0.]],

       [[0.]]]), scale=0.8187500000000001, shift=array([8.1875])), candidate_index=75, candidate_x=array([9.03183594]), index=65, x=array([9.00625]), fval=0.6107771518854062, rho=-1.196499316969883, accepted=False, new_indices=array([], dtype=int32), old_indices_used=array([ 2, 59, 62, 64, 65, 71]), old_indices_discarded=array([ 5,  8, 10, 12, 15, 18, 19, 20, 22, 27, 31, 33, 34, 35, 40, 42, 43,
       45, 46, 47, 49, 50, 53, 54, 55, 56, 67, 69, 72, 73, 74]), step_length=0.0, relative_step_length=0.0, n_evals_per_point=1, n_evals_acceptance=1), State(trustregion=Region(center=array([9.00625]), radius=0.012792968750000001, bounds=Bounds(lower=array([1.1]), upper=array([20.]))), model_indices=array([ 2, 59, 62, 64, 65, 76]), model=ScalarModel(intercept=0.6107771518854069, linear_terms=array([8.71730006e-05]), square_terms=array([[1.56902126e-05]]), scale=0.012792968750000001, shift=array([9.00625])), vector_model=VectorModel(intercepts=array([ 0.04076111,  0.102925  ,  0.11806784,  0.15538123,  0.17398325,
        0.1839641 ,  0.18457129,  0.01884088, -0.12726088, -0.11646905,
       -0.4636887 , -0.47394096, -0.08850554, -0.06167029, -0.04881896,
       -0.045171  , -0.03468307]), linear_terms=array([[0.],
       [0.],
       [0.],
       [0.],
       [0.],
       [0.],
       [0.],
       [0.],
       [0.],
       [0.],
       [0.],
       [0.],
       [0.],
       [0.],
       [0.],
       [0.],
       [0.]]), square_terms=array([[[0.]],

       [[0.]],

       [[0.]],

       [[0.]],

       [[0.]],

       [[0.]],

       [[0.]],

       [[0.]],

       [[0.]],

       [[0.]],

       [[0.]],

       [[0.]],

       [[0.]],

       [[0.]],

       [[0.]],

       [[0.]],

       [[0.]]]), scale=0.8187500000000001, shift=array([8.1875])), candidate_index=77, candidate_x=array([8.99345703]), index=65, x=array([9.00625]), fval=0.6107771518854062, rho=-0.33772545500618883, accepted=False, new_indices=array([76]), old_indices_used=array([ 2, 59, 62, 64, 65]), old_indices_discarded=array([ 5,  8, 10, 12, 15, 18, 19, 20, 22, 27, 31, 33, 34, 35, 40, 42, 43,
       45, 46, 47, 49, 50, 53, 54, 55, 56, 71, 73, 74, 75]), step_length=0.0, relative_step_length=0.0, n_evals_per_point=1, n_evals_acceptance=1), State(trustregion=Region(center=array([9.00625]), radius=0.006396484375000001, bounds=Bounds(lower=array([1.1]), upper=array([20.]))), model_indices=array([ 2, 59, 62, 64, 65, 78]), model=ScalarModel(intercept=0.6107771518854068, linear_terms=array([3.06490098e-06]), square_terms=array([[3.99916954e-06]]), scale=0.006396484375000001, shift=array([9.00625])), vector_model=VectorModel(intercepts=array([ 0.04076111,  0.102925  ,  0.11806784,  0.15538123,  0.17398325,
        0.1839641 ,  0.18457129,  0.01884088, -0.12726088, -0.11646905,
       -0.4636887 , -0.47394096, -0.08850554, -0.06167029, -0.04881896,
       -0.045171  , -0.03468307]), linear_terms=array([[0.],
       [0.],
       [0.],
       [0.],
       [0.],
       [0.],
       [0.],
       [0.],
       [0.],
       [0.],
       [0.],
       [0.],
       [0.],
       [0.],
       [0.],
       [0.],
       [0.]]), square_terms=array([[[0.]],

       [[0.]],

       [[0.]],

       [[0.]],

       [[0.]],

       [[0.]],

       [[0.]],

       [[0.]],

       [[0.]],

       [[0.]],

       [[0.]],

       [[0.]],

       [[0.]],

       [[0.]],

       [[0.]],

       [[0.]],

       [[0.]]]), scale=0.8187500000000001, shift=array([8.1875])), candidate_index=79, candidate_x=array([8.99985352]), index=79, x=array([8.99985352]), fval=0.6107760865691982, rho=0.9999999997915693, accepted=True, new_indices=array([78]), old_indices_used=array([ 2, 59, 62, 64, 65]), old_indices_discarded=array([ 5,  8, 10, 12, 15, 18, 19, 20, 22, 27, 31, 33, 34, 35, 40, 42, 43,
       45, 46, 47, 49, 50, 53, 54, 55, 56, 71, 75, 76, 77]), step_length=0.0063964843749992895, relative_step_length=0.9999999999998888, n_evals_per_point=1, n_evals_acceptance=1), State(trustregion=Region(center=array([8.99985352]), radius=0.012792968750000001, bounds=Bounds(lower=array([1.1]), upper=array([20.]))), model_indices=array([ 2, 64, 65, 77, 78, 79]), model=ScalarModel(intercept=0.6107835516733781, linear_terms=array([-2.17947458e-05]), square_terms=array([[1.60994206e-05]]), scale=0.012792968750000001, shift=array([8.99985352])), vector_model=VectorModel(intercepts=array([ 0.04076111,  0.102925  ,  0.11806784,  0.15538123,  0.17398325,
        0.1839641 ,  0.18457129,  0.01884088, -0.12726088, -0.11646905,
       -0.4636887 , -0.47394096, -0.08850554, -0.06167029, -0.04881896,
       -0.045171  , -0.03468307]), linear_terms=array([[0.],
       [0.],
       [0.],
       [0.],
       [0.],
       [0.],
       [0.],
       [0.],
       [0.],
       [0.],
       [0.],
       [0.],
       [0.],
       [0.],
       [0.],
       [0.],
       [0.]]), square_terms=array([[[0.]],

       [[0.]],

       [[0.]],

       [[0.]],

       [[0.]],

       [[0.]],

       [[0.]],

       [[0.]],

       [[0.]],

       [[0.]],

       [[0.]],

       [[0.]],

       [[0.]],

       [[0.]],

       [[0.]],

       [[0.]],

       [[0.]]]), scale=0.8187500000000001, shift=array([8.1875])), candidate_index=80, candidate_x=array([9.01264648]), index=80, x=array([9.01264648]), fval=0.6107561848843418, rho=1.4479180369509626, accepted=True, new_indices=array([], dtype=int32), old_indices_used=array([ 2, 64, 65, 77, 78, 79]), old_indices_discarded=array([ 5,  8, 10, 12, 15, 18, 19, 20, 22, 27, 31, 33, 34, 35, 40, 42, 43,
       45, 46, 47, 49, 50, 53, 54, 55, 56, 59, 62, 71, 73, 74, 75, 76]), step_length=0.012792968750000355, relative_step_length=1.0000000000000278, n_evals_per_point=1, n_evals_acceptance=1), State(trustregion=Region(center=array([9.01264648]), radius=0.025585937500000003, bounds=Bounds(lower=array([1.1]), upper=array([20.]))), model_indices=array([ 2, 75, 76, 77, 78, 80]), model=ScalarModel(intercept=0.6108121308452248, linear_terms=array([7.65736546e-05]), square_terms=array([[6.20481219e-05]]), scale=0.025585937500000003, shift=array([9.01264648])), vector_model=VectorModel(intercepts=array([ 0.04076111,  0.102925  ,  0.11806784,  0.15538123,  0.17398325,
        0.1839641 ,  0.18457129,  0.01884088, -0.12726088, -0.11646905,
       -0.4636887 , -0.47394096, -0.08850554, -0.06167029, -0.04881896,
       -0.045171  , -0.03468307]), linear_terms=array([[0.],
       [0.],
       [0.],
       [0.],
       [0.],
       [0.],
       [0.],
       [0.],
       [0.],
       [0.],
       [0.],
       [0.],
       [0.],
       [0.],
       [0.],
       [0.],
       [0.]]), square_terms=array([[[0.]],

       [[0.]],

       [[0.]],

       [[0.]],

       [[0.]],

       [[0.]],

       [[0.]],

       [[0.]],

       [[0.]],

       [[0.]],

       [[0.]],

       [[0.]],

       [[0.]],

       [[0.]],

       [[0.]],

       [[0.]],

       [[0.]]]), scale=0.8187500000000001, shift=array([8.1875])), candidate_index=81, candidate_x=array([8.98706055]), index=80, x=array([9.01264648]), fval=0.6107561848843418, rho=-3.1152053242785813, accepted=False, new_indices=array([], dtype=int32), old_indices_used=array([ 2, 75, 76, 77, 78, 80]), old_indices_discarded=array([ 5,  8, 10, 12, 15, 18, 19, 20, 22, 27, 31, 33, 34, 35, 40, 42, 43,
       45, 46, 47, 49, 50, 53, 54, 55, 56, 59, 62, 64, 65, 67, 69, 71, 72,
       73, 74, 79]), step_length=0.0, relative_step_length=0.0, n_evals_per_point=1, n_evals_acceptance=1), State(trustregion=Region(center=array([9.01264648]), radius=0.012792968750000001, bounds=Bounds(lower=array([1.1]), upper=array([20.]))), model_indices=array([ 2, 62, 64, 65, 76, 80]), model=ScalarModel(intercept=0.6108068615713852, linear_terms=array([7.60518439e-05]), square_terms=array([[1.57848831e-05]]), scale=0.012792968750000001, shift=array([9.01264648])), vector_model=VectorModel(intercepts=array([ 0.04076111,  0.102925  ,  0.11806784,  0.15538123,  0.17398325,
        0.1839641 ,  0.18457129,  0.01884088, -0.12726088, -0.11646905,
       -0.4636887 , -0.47394096, -0.08850554, -0.06167029, -0.04881896,
       -0.045171  , -0.03468307]), linear_terms=array([[0.],
       [0.],
       [0.],
       [0.],
       [0.],
       [0.],
       [0.],
       [0.],
       [0.],
       [0.],
       [0.],
       [0.],
       [0.],
       [0.],
       [0.],
       [0.],
       [0.]]), square_terms=array([[[0.]],

       [[0.]],

       [[0.]],

       [[0.]],

       [[0.]],

       [[0.]],

       [[0.]],

       [[0.]],

       [[0.]],

       [[0.]],

       [[0.]],

       [[0.]],

       [[0.]],

       [[0.]],

       [[0.]],

       [[0.]],

       [[0.]]]), scale=0.8187500000000001, shift=array([8.1875])), candidate_index=82, candidate_x=array([8.99985352]), index=80, x=array([9.01264648]), fval=0.6107561848843418, rho=-0.2919873733738183, accepted=False, new_indices=array([], dtype=int32), old_indices_used=array([ 2, 62, 64, 65, 76, 80]), old_indices_discarded=array([ 5,  8, 10, 12, 15, 18, 19, 20, 22, 27, 31, 33, 34, 35, 40, 42, 43,
       45, 46, 47, 49, 50, 53, 54, 55, 56, 59, 71, 73, 74, 75, 77, 78, 79,
       81]), step_length=0.0, relative_step_length=0.0, n_evals_per_point=1, n_evals_acceptance=1), State(trustregion=Region(center=array([9.01264648]), radius=0.006396484375000001, bounds=Bounds(lower=array([1.1]), upper=array([20.]))), model_indices=array([59, 62, 64, 65, 76, 80]), model=ScalarModel(intercept=0.6108068615713854, linear_terms=array([3.80259219e-05]), square_terms=array([[3.94622078e-06]]), scale=0.006396484375000001, shift=array([9.01264648])), vector_model=VectorModel(intercepts=array([ 0.04076111,  0.102925  ,  0.11806784,  0.15538123,  0.17398325,
        0.1839641 ,  0.18457129,  0.01884088, -0.12726088, -0.11646905,
       -0.4636887 , -0.47394096, -0.08850554, -0.06167029, -0.04881896,
       -0.045171  , -0.03468307]), linear_terms=array([[0.],
       [0.],
       [0.],
       [0.],
       [0.],
       [0.],
       [0.],
       [0.],
       [0.],
       [0.],
       [0.],
       [0.],
       [0.],
       [0.],
       [0.],
       [0.],
       [0.]]), square_terms=array([[[0.]],

       [[0.]],

       [[0.]],

       [[0.]],

       [[0.]],

       [[0.]],

       [[0.]],

       [[0.]],

       [[0.]],

       [[0.]],

       [[0.]],

       [[0.]],

       [[0.]],

       [[0.]],

       [[0.]],

       [[0.]],

       [[0.]]]), scale=0.8187500000000001, shift=array([8.1875])), candidate_index=83, candidate_x=array([9.00625]), index=80, x=array([9.01264648]), fval=0.6107561848843418, rho=-0.5815635496631938, accepted=False, new_indices=array([], dtype=int32), old_indices_used=array([59, 62, 64, 65, 76, 80]), old_indices_discarded=array([ 2,  5,  8, 10, 12, 15, 18, 19, 20, 22, 27, 31, 33, 34, 35, 40, 42,
       43, 45, 46, 47, 49, 50, 53, 54, 55, 56, 71, 75, 77, 78, 79, 81, 82]), step_length=0.0, relative_step_length=0.0, n_evals_per_point=1, n_evals_acceptance=1), State(trustregion=Region(center=array([9.01264648]), radius=0.0031982421875000003, bounds=Bounds(lower=array([1.1]), upper=array([20.]))), model_indices=array([62, 64, 65, 76, 80, 83]), model=ScalarModel(intercept=0.6108068615713844, linear_terms=array([1.9012961e-05]), square_terms=array([[9.86555195e-07]]), scale=0.0031982421875000003, shift=array([9.01264648])), vector_model=VectorModel(intercepts=array([ 0.04076111,  0.102925  ,  0.11806784,  0.15538123,  0.17398325,
        0.1839641 ,  0.18457129,  0.01884088, -0.12726088, -0.11646905,
       -0.4636887 , -0.47394096, -0.08850554, -0.06167029, -0.04881896,
       -0.045171  , -0.03468307]), linear_terms=array([[0.],
       [0.],
       [0.],
       [0.],
       [0.],
       [0.],
       [0.],
       [0.],
       [0.],
       [0.],
       [0.],
       [0.],
       [0.],
       [0.],
       [0.],
       [0.],
       [0.]]), square_terms=array([[[0.]],

       [[0.]],

       [[0.]],

       [[0.]],

       [[0.]],

       [[0.]],

       [[0.]],

       [[0.]],

       [[0.]],

       [[0.]],

       [[0.]],

       [[0.]],

       [[0.]],

       [[0.]],

       [[0.]],

       [[0.]],

       [[0.]]]), scale=0.8187500000000001, shift=array([8.1875])), candidate_index=84, candidate_x=array([9.00944824]), index=84, x=array([9.00944824]), fval=0.6107557114718586, rho=0.025562666145676052, accepted=True, new_indices=array([], dtype=int32), old_indices_used=array([62, 64, 65, 76, 80, 83]), old_indices_discarded=array([ 2,  5,  8, 10, 12, 15, 18, 19, 20, 22, 27, 31, 33, 34, 35, 40, 42,
       43, 45, 46, 47, 49, 50, 53, 54, 55, 56, 59, 78, 79, 82]), step_length=0.0031982421874996447, relative_step_length=0.9999999999998888, n_evals_per_point=1, n_evals_acceptance=1)], 'message': 'Absolute criterion change smaller than tolerance.', 'tranquilo_history': History for least_squares function with 85 entries., 'history': {'params': [{'CRRA': 8.1875}, {'CRRA': 7.36875}, {'CRRA': 9.00625}, {'CRRA': 7.36875}, {'CRRA': 7.36875}, {'CRRA': 9.00625}, {'CRRA': 7.36875}, {'CRRA': 7.36875}, {'CRRA': 9.00625}, {'CRRA': 7.36875}, {'CRRA': 9.00625}, {'CRRA': 7.36875}, {'CRRA': 9.00625}, {'CRRA': 7.36875}, {'CRRA': 7.36875}, {'CRRA': 9.00625}, {'CRRA': 7.36875}, {'CRRA': 7.36875}, {'CRRA': 9.00625}, {'CRRA': 9.00625}, {'CRRA': 9.00625}, {'CRRA': 7.36875}, {'CRRA': 9.00625}, {'CRRA': 7.36875}, {'CRRA': 7.36875}, {'CRRA': 7.36875}, {'CRRA': 7.36875}, {'CRRA': 9.00625}, {'CRRA': 7.36875}, {'CRRA': 7.36875}, {'CRRA': 7.36875}, {'CRRA': 9.00625}, {'CRRA': 7.36875}, {'CRRA': 9.00625}, {'CRRA': 9.00625}, {'CRRA': 9.00625}, {'CRRA': 7.36875}, {'CRRA': 7.36875}, {'CRRA': 7.36875}, {'CRRA': 7.36875}, {'CRRA': 9.00625}, {'CRRA': 7.36875}, {'CRRA': 9.00625}, {'CRRA': 9.00625}, {'CRRA': 7.36875}, {'CRRA': 9.00625}, {'CRRA': 9.00625}, {'CRRA': 9.00625}, {'CRRA': 7.36875}, {'CRRA': 9.00625}, {'CRRA': 9.00625}, {'CRRA': 7.36875}, {'CRRA': 7.36875}, {'CRRA': 9.00625}, {'CRRA': 9.00625}, {'CRRA': 9.00625}, {'CRRA': 9.00625}, {'CRRA': 7.36875}, {'CRRA': 7.36875}, {'CRRA': 9.00625}, {'CRRA': 7.36875}, {'CRRA': 7.36875}, {'CRRA': 9.00625}, {'CRRA': 7.36875}, {'CRRA': 9.00625}, {'CRRA': 9.00625}, {'CRRA': 8.840080732388493}, {'CRRA': 8.895689406364061}, {'CRRA': 8.596874999999999}, {'CRRA': 8.931527590744333}, {'CRRA': 8.8015625}, {'CRRA': 8.98547670424634}, {'CRRA': 9.108593749999999}, {'CRRA': 8.967756909446397}, {'CRRA': 9.057421875}, {'CRRA': 9.0318359375}, {'CRRA': 9.01904296875}, {'CRRA': 8.99345703125}, {'CRRA': 8.999853515625}, {'CRRA': 8.999853515625}, {'CRRA': 9.012646484375}, {'CRRA': 8.987060546875}, {'CRRA': 8.999853515625}, {'CRRA': 9.006250000000001}, {'CRRA': 9.009448242187501}], 'criterion': [0.6355235662304911, 0.7252365545948747, 0.6107771518854064, 0.7252365545948747, 0.7252365545948747, 0.6107771518854064, 0.7252365545948747, 0.7252365545948747, 0.6107771518854064, 0.7252365545948747, 0.6107771518854064, 0.7252365545948747, 0.6107771518854064, 0.7252365545948747, 0.7252365545948747, 0.6107771518854064, 0.7252365545948747, 0.7252365545948747, 0.6107771518854064, 0.6107771518854064, 0.6107771518854064, 0.7252365545948747, 0.6107771518854064, 0.7252365545948747, 0.7252365545948747, 0.7252365545948747, 0.7252365545948747, 0.6107771518854064, 0.7252365545948747, 0.7252365545948747, 0.7252365545948747, 0.6107771518854064, 0.7252365545948747, 0.6107771518854064, 0.6107771518854064, 0.6107771518854064, 0.7252365545948747, 0.7252365545948747, 0.7252365545948747, 0.7252365545948747, 0.6107771518854064, 0.7252365545948747, 0.6107771518854064, 0.6107771518854064, 0.7252365545948747, 0.6107771518854064, 0.6107771518854064, 0.6107771518854064, 0.7252365545948747, 0.6107771518854064, 0.6107771518854064, 0.7252365545948747, 0.7252365545948747, 0.6107771518854064, 0.6107771518854064, 0.6107771518854064, 0.6107771518854064, 0.7252365545948747, 0.7252365545948747, 0.6107771518854064, 0.7252365545948747, 0.7252365545948747, 0.6107771518854064, 0.7252365545948747, 0.6107771518854064, 0.6107771518854064, 0.6119451257349368, 0.6112535853424563, 0.615766752723861, 0.6110690160472356, 0.6122653882522311, 0.6109043197858451, 0.6119006092496578, 0.6109761418944877, 0.6111347590914382, 0.6108955332822141, 0.6108721699923518, 0.6108039429346126, 0.6107760865691982, 0.6107760865691982, 0.6107561848843418, 0.6108980812210706, 0.6107760865691982, 0.6107771518854039, 0.6107557114718586], 'runtime': [0.0, 3.8803648999892175, 3.8795785000547767, 4.078793299850076, 4.275125700049102, 4.43855859991163, 4.65232319990173, 4.899482700042427, 5.0385888000018895, 5.2958705998025835, 5.444523800164461, 5.619946000166237, 5.830467300023884, 6.019943099934608, 6.24996649986133, 6.40098959999159, 6.654349199961871, 6.797562499996275, 6.982198900077492, 7.206652699969709, 7.370366400107741, 7.578621999826282, 7.803022599779069, 8.003340799827129, 8.17153159994632, 8.345700799953192, 8.53867830010131, 8.921147800050676, 9.123830399941653, 9.307182800024748, 9.549977299757302, 9.712152999825776, 9.887573400046676, 10.126343099866062, 10.310744400136173, 10.503646099939942, 10.66938540013507, 10.899514699820429, 11.098457700107247, 11.254193500149995, 11.46173769980669, 11.69131590006873, 11.841973099857569, 12.042473500128835, 12.205429699737579, 12.424304099753499, 12.679599300026894, 12.827362599782646, 13.028057899791747, 13.243121800012887, 13.412606399971992, 13.624684100039303, 13.810466600116342, 14.028584999963641, 14.194397300016135, 14.376550300046802, 14.570061800070107, 14.778505899943411, 14.929133600089699, 15.12032869970426, 15.275691399816424, 15.43326500011608, 14.072729699779302, 14.26397980004549, 14.448389600031078, 16.749496799893677, 18.013161099981517, 19.124676799867302, 20.238324500154704, 21.34995049983263, 22.463474899996072, 23.576954000163823, 24.7553153000772, 26.041825499851257, 27.155870200134814, 28.272195999976248, 29.387846999801695, 30.498806399758905, 31.622433899901807, 32.73856469988823, 33.86146569997072, 35.23333139996976, 36.518386099953204, 37.76484900014475, 39.65904020005837], 'batches': [0, 1, 1, 1, 1, 1, 1, 1, 1, 1, 1, 1, 1, 1, 1, 1, 1, 1, 1, 1, 1, 1, 1, 1, 1, 1, 1, 1, 1, 1, 1, 1, 1, 1, 1, 1, 1, 1, 1, 1, 1, 1, 1, 1, 1, 1, 1, 1, 1, 1, 1, 1, 1, 1, 1, 1, 1, 1, 1, 1, 1, 1, 1, 1, 1, 2, 3, 4, 5, 6, 7, 8, 9, 10, 11, 12, 13, 14, 15, 16, 17, 18, 19, 20, 21]}, 'multistart_info': {...}}], 'exploration_sample': array([[ 8.1875 ],
       [10.55   ],
       [12.9125 ],
       [ 5.825  ],
       [14.09375],
       [15.275  ],
       [ 4.64375],
       [17.6375 ],
       [ 3.4625 ],
       [ 2.     ]]), 'exploration_results': array([0.63552357, 0.70027509, 1.09142448, 1.13044919, 1.36942911,
       1.68785676, 1.78719493, 2.40959049, 3.13752078, 4.18848989])}}"
